as_of,submission_job,grader_job,arm,aoi,forcing,target,loss,arm_role,n,verify_run,coverage_state,parameter,parameter_role,pooler,band,count,null_count,p_value,median_x_truth,null_median_x_truth,per_cell_log_sd_median,reporting_status,suppression_reason,replicated,submission_count
2026-08-09,320993,320994,eq_ee,eqpac,constant,end,endpoint,matched-control,50,0,active,alpfe,boundary-diagnostic-only,arithmetic,0.1,50,0,8.082812774647626e-62,0.9924570082924882,0.5390467545674305,0.0016835012938827276,reported,,False,1
2026-08-09,320993,320994,eq_ee,eqpac,constant,end,endpoint,matched-control,50,0,active,alpfe,boundary-diagnostic-only,arithmetic,0.2,50,0,8.082812774647626e-62,0.9924570082924882,0.5390467545674305,0.0016835012938827276,reported,,False,1
2026-08-09,320993,320994,eq_ee,eqpac,constant,end,endpoint,matched-control,50,0,active,alpfe,boundary-diagnostic-only,arithmetic,0.3,50,0,8.082812774647626e-62,0.9924570082924882,0.5390467545674305,0.0016835012938827276,reported,,False,1
2026-08-09,320993,320994,eq_ee,eqpac,constant,end,endpoint,matched-control,50,0,active,alpfe,boundary-diagnostic-only,arithmetic,0.4,50,10,1.1258999068426271e-35,0.9924570082924882,0.5390467545674305,0.0016835012938827276,reported,,False,1
2026-08-09,320993,320994,eq_ee,eqpac,constant,end,endpoint,matched-control,50,0,active,alpfe,boundary-diagnostic-only,geometric,0.1,50,0,8.082812774647626e-62,0.9924515827421784,0.5385176992045373,0.0016835012938827276,reported,,False,1
2026-08-09,320993,320994,eq_ee,eqpac,constant,end,endpoint,matched-control,50,0,active,alpfe,boundary-diagnostic-only,geometric,0.2,50,0,8.082812774647626e-62,0.9924515827421784,0.5385176992045373,0.0016835012938827276,reported,,False,1
2026-08-09,320993,320994,eq_ee,eqpac,constant,end,endpoint,matched-control,50,0,active,alpfe,boundary-diagnostic-only,geometric,0.3,50,0,8.082812774647626e-62,0.9924515827421784,0.5385176992045373,0.0016835012938827276,reported,,False,1
2026-08-09,320993,320994,eq_ee,eqpac,constant,end,endpoint,matched-control,50,0,active,alpfe,boundary-diagnostic-only,geometric,0.4,50,10,1.1258999068426271e-35,0.9924515827421784,0.5385176992045373,0.0016835012938827276,reported,,False,1
2026-08-09,320993,320994,eq_ee,eqpac,constant,end,endpoint,matched-control,50,0,active,alpfe,boundary-diagnostic-only,median,0.1,50,0,8.082812774647626e-62,0.9938193029779465,0.5411199889665496,0.0016835012938827276,reported,,False,1
2026-08-09,320993,320994,eq_ee,eqpac,constant,end,endpoint,matched-control,50,0,active,alpfe,boundary-diagnostic-only,median,0.2,50,0,8.082812774647626e-62,0.9938193029779465,0.5411199889665496,0.0016835012938827276,reported,,False,1
2026-08-09,320993,320994,eq_ee,eqpac,constant,end,endpoint,matched-control,50,0,active,alpfe,boundary-diagnostic-only,median,0.3,50,0,8.082812774647626e-62,0.9938193029779465,0.5411199889665496,0.0016835012938827276,reported,,False,1
2026-08-09,320993,320994,eq_ee,eqpac,constant,end,endpoint,matched-control,50,0,active,alpfe,boundary-diagnostic-only,median,0.4,50,11,1.3217035032142518e-33,0.9938193029779465,0.5411199889665496,0.0016835012938827276,reported,,False,1
2026-08-09,320993,320994,eq_ee,eqpac,constant,end,endpoint,matched-control,50,0,active,scav_rat,primary-inferential-target,arithmetic,0.1,47,0,6.116204709557624e-54,1.0284294304179329,2.456959886060755,0.022423197515308857,reported,,False,1
2026-08-09,320993,320994,eq_ee,eqpac,constant,end,endpoint,matched-control,50,0,active,scav_rat,primary-inferential-target,arithmetic,0.2,50,0,8.082812774647626e-62,1.0284294304179329,2.456959886060755,0.022423197515308857,reported,,False,1
2026-08-09,320993,320994,eq_ee,eqpac,constant,end,endpoint,matched-control,50,0,active,scav_rat,primary-inferential-target,arithmetic,0.3,50,0,8.082812774647626e-62,1.0284294304179329,2.456959886060755,0.022423197515308857,reported,,False,1
2026-08-09,320993,320994,eq_ee,eqpac,constant,end,endpoint,matched-control,50,0,active,scav_rat,primary-inferential-target,arithmetic,0.4,50,0,8.082812774647626e-62,1.0284294304179329,2.456959886060755,0.022423197515308857,reported,,False,1
2026-08-09,320993,320994,eq_ee,eqpac,constant,end,endpoint,matched-control,50,0,active,scav_rat,primary-inferential-target,geometric,0.1,47,0,6.116204709557624e-54,1.0282888083618091,2.454067534249561,0.022423197515308857,reported,,False,1
2026-08-09,320993,320994,eq_ee,eqpac,constant,end,endpoint,matched-control,50,0,active,scav_rat,primary-inferential-target,geometric,0.2,50,0,8.082812774647626e-62,1.0282888083618091,2.454067534249561,0.022423197515308857,reported,,False,1
2026-08-09,320993,320994,eq_ee,eqpac,constant,end,endpoint,matched-control,50,0,active,scav_rat,primary-inferential-target,geometric,0.3,50,0,8.082812774647626e-62,1.0282888083618091,2.454067534249561,0.022423197515308857,reported,,False,1
2026-08-09,320993,320994,eq_ee,eqpac,constant,end,endpoint,matched-control,50,0,active,scav_rat,primary-inferential-target,geometric,0.4,50,0,8.082812774647626e-62,1.0282888083618091,2.454067534249561,0.022423197515308857,reported,,False,1
2026-08-09,320993,320994,eq_ee,eqpac,constant,end,endpoint,matched-control,50,0,active,scav_rat,primary-inferential-target,median,0.1,47,0,6.116204709557624e-54,1.02145116112495,2.4252911952101135,0.022423197515308857,reported,,False,1
2026-08-09,320993,320994,eq_ee,eqpac,constant,end,endpoint,matched-control,50,0,active,scav_rat,primary-inferential-target,median,0.2,50,0,8.082812774647626e-62,1.02145116112495,2.4252911952101135,0.022423197515308857,reported,,False,1
2026-08-09,320993,320994,eq_ee,eqpac,constant,end,endpoint,matched-control,50,0,active,scav_rat,primary-inferential-target,median,0.3,50,0,8.082812774647626e-62,1.02145116112495,2.4252911952101135,0.022423197515308857,reported,,False,1
2026-08-09,320993,320994,eq_ee,eqpac,constant,end,endpoint,matched-control,50,0,active,scav_rat,primary-inferential-target,median,0.4,50,0,8.082812774647626e-62,1.02145116112495,2.4252911952101135,0.022423197515308857,reported,,False,1
2026-08-09,320993,320994,eq_ee,eqpac,constant,end,endpoint,matched-control,50,0,active,Smallgrow,excluded-by-construction,arithmetic,0.1,,,,,,,excluded,No time-mean observable independently identifies this parameter.,False,1
2026-08-09,320993,320994,eq_ee,eqpac,constant,end,endpoint,matched-control,50,0,active,Smallgrow,excluded-by-construction,arithmetic,0.2,,,,,,,excluded,No time-mean observable independently identifies this parameter.,False,1
2026-08-09,320993,320994,eq_ee,eqpac,constant,end,endpoint,matched-control,50,0,active,Smallgrow,excluded-by-construction,arithmetic,0.3,,,,,,,excluded,No time-mean observable independently identifies this parameter.,False,1
2026-08-09,320993,320994,eq_ee,eqpac,constant,end,endpoint,matched-control,50,0,active,Smallgrow,excluded-by-construction,arithmetic,0.4,,,,,,,excluded,No time-mean observable independently identifies this parameter.,False,1
2026-08-09,320993,320994,eq_ee,eqpac,constant,end,endpoint,matched-control,50,0,active,Smallgrow,excluded-by-construction,geometric,0.1,,,,,,,excluded,No time-mean observable independently identifies this parameter.,False,1
2026-08-09,320993,320994,eq_ee,eqpac,constant,end,endpoint,matched-control,50,0,active,Smallgrow,excluded-by-construction,geometric,0.2,,,,,,,excluded,No time-mean observable independently identifies this parameter.,False,1
2026-08-09,320993,320994,eq_ee,eqpac,constant,end,endpoint,matched-control,50,0,active,Smallgrow,excluded-by-construction,geometric,0.3,,,,,,,excluded,No time-mean observable independently identifies this parameter.,False,1
2026-08-09,320993,320994,eq_ee,eqpac,constant,end,endpoint,matched-control,50,0,active,Smallgrow,excluded-by-construction,geometric,0.4,,,,,,,excluded,No time-mean observable independently identifies this parameter.,False,1
2026-08-09,320993,320994,eq_ee,eqpac,constant,end,endpoint,matched-control,50,0,active,Smallgrow,excluded-by-construction,median,0.1,,,,,,,excluded,No time-mean observable independently identifies this parameter.,False,1
2026-08-09,320993,320994,eq_ee,eqpac,constant,end,endpoint,matched-control,50,0,active,Smallgrow,excluded-by-construction,median,0.2,,,,,,,excluded,No time-mean observable independently identifies this parameter.,False,1
2026-08-09,320993,320994,eq_ee,eqpac,constant,end,endpoint,matched-control,50,0,active,Smallgrow,excluded-by-construction,median,0.3,,,,,,,excluded,No time-mean observable independently identifies this parameter.,False,1
2026-08-09,320993,320994,eq_ee,eqpac,constant,end,endpoint,matched-control,50,0,active,Smallgrow,excluded-by-construction,median,0.4,,,,,,,excluded,No time-mean observable independently identifies this parameter.,False,1
2026-08-09,320993,320994,eq_ee,eqpac,constant,end,endpoint,matched-control,50,0,active,Biggrow,excluded-by-construction,arithmetic,0.1,,,,,,,excluded,Unobservable by the staged target construction.,False,1
2026-08-09,320993,320994,eq_ee,eqpac,constant,end,endpoint,matched-control,50,0,active,Biggrow,excluded-by-construction,arithmetic,0.2,,,,,,,excluded,Unobservable by the staged target construction.,False,1
2026-08-09,320993,320994,eq_ee,eqpac,constant,end,endpoint,matched-control,50,0,active,Biggrow,excluded-by-construction,arithmetic,0.3,,,,,,,excluded,Unobservable by the staged target construction.,False,1
2026-08-09,320993,320994,eq_ee,eqpac,constant,end,endpoint,matched-control,50,0,active,Biggrow,excluded-by-construction,arithmetic,0.4,,,,,,,excluded,Unobservable by the staged target construction.,False,1
2026-08-09,320993,320994,eq_ee,eqpac,constant,end,endpoint,matched-control,50,0,active,Biggrow,excluded-by-construction,geometric,0.1,,,,,,,excluded,Unobservable by the staged target construction.,False,1
2026-08-09,320993,320994,eq_ee,eqpac,constant,end,endpoint,matched-control,50,0,active,Biggrow,excluded-by-construction,geometric,0.2,,,,,,,excluded,Unobservable by the staged target construction.,False,1
2026-08-09,320993,320994,eq_ee,eqpac,constant,end,endpoint,matched-control,50,0,active,Biggrow,excluded-by-construction,geometric,0.3,,,,,,,excluded,Unobservable by the staged target construction.,False,1
2026-08-09,320993,320994,eq_ee,eqpac,constant,end,endpoint,matched-control,50,0,active,Biggrow,excluded-by-construction,geometric,0.4,,,,,,,excluded,Unobservable by the staged target construction.,False,1
2026-08-09,320993,320994,eq_ee,eqpac,constant,end,endpoint,matched-control,50,0,active,Biggrow,excluded-by-construction,median,0.1,,,,,,,excluded,Unobservable by the staged target construction.,False,1
2026-08-09,320993,320994,eq_ee,eqpac,constant,end,endpoint,matched-control,50,0,active,Biggrow,excluded-by-construction,median,0.2,,,,,,,excluded,Unobservable by the staged target construction.,False,1
2026-08-09,320993,320994,eq_ee,eqpac,constant,end,endpoint,matched-control,50,0,active,Biggrow,excluded-by-construction,median,0.3,,,,,,,excluded,Unobservable by the staged target construction.,False,1
2026-08-09,320993,320994,eq_ee,eqpac,constant,end,endpoint,matched-control,50,0,active,Biggrow,excluded-by-construction,median,0.4,,,,,,,excluded,Unobservable by the staged target construction.,False,1
2026-08-09,320993,320994,eq_ee,eqpac,constant,end,endpoint,matched-control,50,0,active,diatomgraz,excluded-from-loss-decision,arithmetic,0.1,,,,,,,excluded,Long-target Chl1 pathology makes this parameter non-gradeable here.,False,1
2026-08-09,320993,320994,eq_ee,eqpac,constant,end,endpoint,matched-control,50,0,active,diatomgraz,excluded-from-loss-decision,arithmetic,0.2,,,,,,,excluded,Long-target Chl1 pathology makes this parameter non-gradeable here.,False,1
2026-08-09,320993,320994,eq_ee,eqpac,constant,end,endpoint,matched-control,50,0,active,diatomgraz,excluded-from-loss-decision,arithmetic,0.3,,,,,,,excluded,Long-target Chl1 pathology makes this parameter non-gradeable here.,False,1
2026-08-09,320993,320994,eq_ee,eqpac,constant,end,endpoint,matched-control,50,0,active,diatomgraz,excluded-from-loss-decision,arithmetic,0.4,,,,,,,excluded,Long-target Chl1 pathology makes this parameter non-gradeable here.,False,1
2026-08-09,320993,320994,eq_ee,eqpac,constant,end,endpoint,matched-control,50,0,active,diatomgraz,excluded-from-loss-decision,geometric,0.1,,,,,,,excluded,Long-target Chl1 pathology makes this parameter non-gradeable here.,False,1
2026-08-09,320993,320994,eq_ee,eqpac,constant,end,endpoint,matched-control,50,0,active,diatomgraz,excluded-from-loss-decision,geometric,0.2,,,,,,,excluded,Long-target Chl1 pathology makes this parameter non-gradeable here.,False,1
2026-08-09,320993,320994,eq_ee,eqpac,constant,end,endpoint,matched-control,50,0,active,diatomgraz,excluded-from-loss-decision,geometric,0.3,,,,,,,excluded,Long-target Chl1 pathology makes this parameter non-gradeable here.,False,1
2026-08-09,320993,320994,eq_ee,eqpac,constant,end,endpoint,matched-control,50,0,active,diatomgraz,excluded-from-loss-decision,geometric,0.4,,,,,,,excluded,Long-target Chl1 pathology makes this parameter non-gradeable here.,False,1
2026-08-09,320993,320994,eq_ee,eqpac,constant,end,endpoint,matched-control,50,0,active,diatomgraz,excluded-from-loss-decision,median,0.1,,,,,,,excluded,Long-target Chl1 pathology makes this parameter non-gradeable here.,False,1
2026-08-09,320993,320994,eq_ee,eqpac,constant,end,endpoint,matched-control,50,0,active,diatomgraz,excluded-from-loss-decision,median,0.2,,,,,,,excluded,Long-target Chl1 pathology makes this parameter non-gradeable here.,False,1
2026-08-09,320993,320994,eq_ee,eqpac,constant,end,endpoint,matched-control,50,0,active,diatomgraz,excluded-from-loss-decision,median,0.3,,,,,,,excluded,Long-target Chl1 pathology makes this parameter non-gradeable here.,False,1
2026-08-09,320993,320994,eq_ee,eqpac,constant,end,endpoint,matched-control,50,0,active,diatomgraz,excluded-from-loss-decision,median,0.4,,,,,,,excluded,Long-target Chl1 pathology makes this parameter non-gradeable here.,False,1
2026-08-09,320993,320994,eq_ee,eqpac,constant,end,endpoint,matched-control,50,0,active,R_PICPOC,twin-anchor-machinery-check,arithmetic,0.1,50,0,8.082812774647626e-62,1.0138019593535283,17.908429818645494,0.02703933883458376,reported,,False,1
2026-08-09,320993,320994,eq_ee,eqpac,constant,end,endpoint,matched-control,50,0,active,R_PICPOC,twin-anchor-machinery-check,arithmetic,0.2,50,0,8.082812774647626e-62,1.0138019593535283,17.908429818645494,0.02703933883458376,reported,,False,1
2026-08-09,320993,320994,eq_ee,eqpac,constant,end,endpoint,matched-control,50,0,active,R_PICPOC,twin-anchor-machinery-check,arithmetic,0.3,50,0,8.082812774647626e-62,1.0138019593535283,17.908429818645494,0.02703933883458376,reported,,False,1
2026-08-09,320993,320994,eq_ee,eqpac,constant,end,endpoint,matched-control,50,0,active,R_PICPOC,twin-anchor-machinery-check,arithmetic,0.4,50,0,8.082812774647626e-62,1.0138019593535283,17.908429818645494,0.02703933883458376,reported,,False,1
2026-08-09,320993,320994,eq_ee,eqpac,constant,end,endpoint,matched-control,50,0,active,R_PICPOC,twin-anchor-machinery-check,geometric,0.1,50,0,8.082812774647626e-62,1.0132848943206654,17.866142113025045,0.02703933883458376,reported,,False,1
2026-08-09,320993,320994,eq_ee,eqpac,constant,end,endpoint,matched-control,50,0,active,R_PICPOC,twin-anchor-machinery-check,geometric,0.2,50,0,8.082812774647626e-62,1.0132848943206654,17.866142113025045,0.02703933883458376,reported,,False,1
2026-08-09,320993,320994,eq_ee,eqpac,constant,end,endpoint,matched-control,50,0,active,R_PICPOC,twin-anchor-machinery-check,geometric,0.3,50,0,8.082812774647626e-62,1.0132848943206654,17.866142113025045,0.02703933883458376,reported,,False,1
2026-08-09,320993,320994,eq_ee,eqpac,constant,end,endpoint,matched-control,50,0,active,R_PICPOC,twin-anchor-machinery-check,geometric,0.4,50,0,8.082812774647626e-62,1.0132848943206654,17.866142113025045,0.02703933883458376,reported,,False,1
2026-08-09,320993,320994,eq_ee,eqpac,constant,end,endpoint,matched-control,50,0,active,R_PICPOC,twin-anchor-machinery-check,median,0.1,50,0,8.082812774647626e-62,1.0061385237582694,17.87447061605947,0.02703933883458376,reported,,False,1
2026-08-09,320993,320994,eq_ee,eqpac,constant,end,endpoint,matched-control,50,0,active,R_PICPOC,twin-anchor-machinery-check,median,0.2,50,0,8.082812774647626e-62,1.0061385237582694,17.87447061605947,0.02703933883458376,reported,,False,1
2026-08-09,320993,320994,eq_ee,eqpac,constant,end,endpoint,matched-control,50,0,active,R_PICPOC,twin-anchor-machinery-check,median,0.3,50,0,8.082812774647626e-62,1.0061385237582694,17.87447061605947,0.02703933883458376,reported,,False,1
2026-08-09,320993,320994,eq_ee,eqpac,constant,end,endpoint,matched-control,50,0,active,R_PICPOC,twin-anchor-machinery-check,median,0.4,50,0,8.082812774647626e-62,1.0061385237582694,17.87447061605947,0.02703933883458376,reported,,False,1
2026-08-09,320993,320994,eq_mm,eqpac,constant,mean,time-mean,matched-control,50,0,active,alpfe,boundary-diagnostic-only,arithmetic,0.1,49,0,6.33961948624862e-59,0.945458291098046,0.5390467545674305,0.0019260662375018,reported,,False,1
2026-08-09,320993,320994,eq_mm,eqpac,constant,mean,time-mean,matched-control,50,0,active,alpfe,boundary-diagnostic-only,arithmetic,0.2,50,0,8.082812774647626e-62,0.945458291098046,0.5390467545674305,0.0019260662375018,reported,,False,1
2026-08-09,320993,320994,eq_mm,eqpac,constant,mean,time-mean,matched-control,50,0,active,alpfe,boundary-diagnostic-only,arithmetic,0.3,50,0,8.082812774647626e-62,0.945458291098046,0.5390467545674305,0.0019260662375018,reported,,False,1
2026-08-09,320993,320994,eq_mm,eqpac,constant,mean,time-mean,matched-control,50,0,active,alpfe,boundary-diagnostic-only,arithmetic,0.4,50,10,1.1258999068426271e-35,0.945458291098046,0.5390467545674305,0.0019260662375018,reported,,False,1
2026-08-09,320993,320994,eq_mm,eqpac,constant,mean,time-mean,matched-control,50,0,active,alpfe,boundary-diagnostic-only,geometric,0.1,49,0,6.33961948624862e-59,0.9454556585825111,0.5385176992045373,0.0019260662375018,reported,,False,1
2026-08-09,320993,320994,eq_mm,eqpac,constant,mean,time-mean,matched-control,50,0,active,alpfe,boundary-diagnostic-only,geometric,0.2,50,0,8.082812774647626e-62,0.9454556585825111,0.5385176992045373,0.0019260662375018,reported,,False,1
2026-08-09,320993,320994,eq_mm,eqpac,constant,mean,time-mean,matched-control,50,0,active,alpfe,boundary-diagnostic-only,geometric,0.3,50,0,8.082812774647626e-62,0.9454556585825111,0.5385176992045373,0.0019260662375018,reported,,False,1
2026-08-09,320993,320994,eq_mm,eqpac,constant,mean,time-mean,matched-control,50,0,active,alpfe,boundary-diagnostic-only,geometric,0.4,50,10,1.1258999068426271e-35,0.9454556585825111,0.5385176992045373,0.0019260662375018,reported,,False,1
2026-08-09,320993,320994,eq_mm,eqpac,constant,mean,time-mean,matched-control,50,0,active,alpfe,boundary-diagnostic-only,median,0.1,49,0,6.33961948624862e-59,0.9463373907674598,0.5411199889665496,0.0019260662375018,reported,,False,1
2026-08-09,320993,320994,eq_mm,eqpac,constant,mean,time-mean,matched-control,50,0,active,alpfe,boundary-diagnostic-only,median,0.2,50,0,8.082812774647626e-62,0.9463373907674598,0.5411199889665496,0.0019260662375018,reported,,False,1
2026-08-09,320993,320994,eq_mm,eqpac,constant,mean,time-mean,matched-control,50,0,active,alpfe,boundary-diagnostic-only,median,0.3,50,0,8.082812774647626e-62,0.9463373907674598,0.5411199889665496,0.0019260662375018,reported,,False,1
2026-08-09,320993,320994,eq_mm,eqpac,constant,mean,time-mean,matched-control,50,0,active,alpfe,boundary-diagnostic-only,median,0.4,50,11,1.3217035032142518e-33,0.9463373907674598,0.5411199889665496,0.0019260662375018,reported,,False,1
2026-08-09,320993,320994,eq_mm,eqpac,constant,mean,time-mean,matched-control,50,0,active,scav_rat,primary-inferential-target,arithmetic,0.1,50,0,8.082812774647626e-62,1.0240478339533252,2.456959886060755,0.007020418997853994,reported,,False,1
2026-08-09,320993,320994,eq_mm,eqpac,constant,mean,time-mean,matched-control,50,0,active,scav_rat,primary-inferential-target,arithmetic,0.2,50,0,8.082812774647626e-62,1.0240478339533252,2.456959886060755,0.007020418997853994,reported,,False,1
2026-08-09,320993,320994,eq_mm,eqpac,constant,mean,time-mean,matched-control,50,0,active,scav_rat,primary-inferential-target,arithmetic,0.3,50,0,8.082812774647626e-62,1.0240478339533252,2.456959886060755,0.007020418997853994,reported,,False,1
2026-08-09,320993,320994,eq_mm,eqpac,constant,mean,time-mean,matched-control,50,0,active,scav_rat,primary-inferential-target,arithmetic,0.4,50,0,8.082812774647626e-62,1.0240478339533252,2.456959886060755,0.007020418997853994,reported,,False,1
2026-08-09,320993,320994,eq_mm,eqpac,constant,mean,time-mean,matched-control,50,0,active,scav_rat,primary-inferential-target,geometric,0.1,50,0,8.082812774647626e-62,1.024008444682321,2.454067534249561,0.007020418997853994,reported,,False,1
2026-08-09,320993,320994,eq_mm,eqpac,constant,mean,time-mean,matched-control,50,0,active,scav_rat,primary-inferential-target,geometric,0.2,50,0,8.082812774647626e-62,1.024008444682321,2.454067534249561,0.007020418997853994,reported,,False,1
2026-08-09,320993,320994,eq_mm,eqpac,constant,mean,time-mean,matched-control,50,0,active,scav_rat,primary-inferential-target,geometric,0.3,50,0,8.082812774647626e-62,1.024008444682321,2.454067534249561,0.007020418997853994,reported,,False,1
2026-08-09,320993,320994,eq_mm,eqpac,constant,mean,time-mean,matched-control,50,0,active,scav_rat,primary-inferential-target,geometric,0.4,50,0,8.082812774647626e-62,1.024008444682321,2.454067534249561,0.007020418997853994,reported,,False,1
2026-08-09,320993,320994,eq_mm,eqpac,constant,mean,time-mean,matched-control,50,0,active,scav_rat,primary-inferential-target,median,0.1,50,0,8.082812774647626e-62,1.0226835028204133,2.4252911952101135,0.007020418997853994,reported,,False,1
2026-08-09,320993,320994,eq_mm,eqpac,constant,mean,time-mean,matched-control,50,0,active,scav_rat,primary-inferential-target,median,0.2,50,0,8.082812774647626e-62,1.0226835028204133,2.4252911952101135,0.007020418997853994,reported,,False,1
2026-08-09,320993,320994,eq_mm,eqpac,constant,mean,time-mean,matched-control,50,0,active,scav_rat,primary-inferential-target,median,0.3,50,0,8.082812774647626e-62,1.0226835028204133,2.4252911952101135,0.007020418997853994,reported,,False,1
2026-08-09,320993,320994,eq_mm,eqpac,constant,mean,time-mean,matched-control,50,0,active,scav_rat,primary-inferential-target,median,0.4,50,0,8.082812774647626e-62,1.0226835028204133,2.4252911952101135,0.007020418997853994,reported,,False,1
2026-08-09,320993,320994,eq_mm,eqpac,constant,mean,time-mean,matched-control,50,0,active,Smallgrow,excluded-by-construction,arithmetic,0.1,,,,,,,excluded,No time-mean observable independently identifies this parameter.,False,1
2026-08-09,320993,320994,eq_mm,eqpac,constant,mean,time-mean,matched-control,50,0,active,Smallgrow,excluded-by-construction,arithmetic,0.2,,,,,,,excluded,No time-mean observable independently identifies this parameter.,False,1
2026-08-09,320993,320994,eq_mm,eqpac,constant,mean,time-mean,matched-control,50,0,active,Smallgrow,excluded-by-construction,arithmetic,0.3,,,,,,,excluded,No time-mean observable independently identifies this parameter.,False,1
2026-08-09,320993,320994,eq_mm,eqpac,constant,mean,time-mean,matched-control,50,0,active,Smallgrow,excluded-by-construction,arithmetic,0.4,,,,,,,excluded,No time-mean observable independently identifies this parameter.,False,1
2026-08-09,320993,320994,eq_mm,eqpac,constant,mean,time-mean,matched-control,50,0,active,Smallgrow,excluded-by-construction,geometric,0.1,,,,,,,excluded,No time-mean observable independently identifies this parameter.,False,1
2026-08-09,320993,320994,eq_mm,eqpac,constant,mean,time-mean,matched-control,50,0,active,Smallgrow,excluded-by-construction,geometric,0.2,,,,,,,excluded,No time-mean observable independently identifies this parameter.,False,1
2026-08-09,320993,320994,eq_mm,eqpac,constant,mean,time-mean,matched-control,50,0,active,Smallgrow,excluded-by-construction,geometric,0.3,,,,,,,excluded,No time-mean observable independently identifies this parameter.,False,1
2026-08-09,320993,320994,eq_mm,eqpac,constant,mean,time-mean,matched-control,50,0,active,Smallgrow,excluded-by-construction,geometric,0.4,,,,,,,excluded,No time-mean observable independently identifies this parameter.,False,1
2026-08-09,320993,320994,eq_mm,eqpac,constant,mean,time-mean,matched-control,50,0,active,Smallgrow,excluded-by-construction,median,0.1,,,,,,,excluded,No time-mean observable independently identifies this parameter.,False,1
2026-08-09,320993,320994,eq_mm,eqpac,constant,mean,time-mean,matched-control,50,0,active,Smallgrow,excluded-by-construction,median,0.2,,,,,,,excluded,No time-mean observable independently identifies this parameter.,False,1
2026-08-09,320993,320994,eq_mm,eqpac,constant,mean,time-mean,matched-control,50,0,active,Smallgrow,excluded-by-construction,median,0.3,,,,,,,excluded,No time-mean observable independently identifies this parameter.,False,1
2026-08-09,320993,320994,eq_mm,eqpac,constant,mean,time-mean,matched-control,50,0,active,Smallgrow,excluded-by-construction,median,0.4,,,,,,,excluded,No time-mean observable independently identifies this parameter.,False,1
2026-08-09,320993,320994,eq_mm,eqpac,constant,mean,time-mean,matched-control,50,0,active,Biggrow,excluded-by-construction,arithmetic,0.1,,,,,,,excluded,Unobservable by the staged target construction.,False,1
2026-08-09,320993,320994,eq_mm,eqpac,constant,mean,time-mean,matched-control,50,0,active,Biggrow,excluded-by-construction,arithmetic,0.2,,,,,,,excluded,Unobservable by the staged target construction.,False,1
2026-08-09,320993,320994,eq_mm,eqpac,constant,mean,time-mean,matched-control,50,0,active,Biggrow,excluded-by-construction,arithmetic,0.3,,,,,,,excluded,Unobservable by the staged target construction.,False,1
2026-08-09,320993,320994,eq_mm,eqpac,constant,mean,time-mean,matched-control,50,0,active,Biggrow,excluded-by-construction,arithmetic,0.4,,,,,,,excluded,Unobservable by the staged target construction.,False,1
2026-08-09,320993,320994,eq_mm,eqpac,constant,mean,time-mean,matched-control,50,0,active,Biggrow,excluded-by-construction,geometric,0.1,,,,,,,excluded,Unobservable by the staged target construction.,False,1
2026-08-09,320993,320994,eq_mm,eqpac,constant,mean,time-mean,matched-control,50,0,active,Biggrow,excluded-by-construction,geometric,0.2,,,,,,,excluded,Unobservable by the staged target construction.,False,1
2026-08-09,320993,320994,eq_mm,eqpac,constant,mean,time-mean,matched-control,50,0,active,Biggrow,excluded-by-construction,geometric,0.3,,,,,,,excluded,Unobservable by the staged target construction.,False,1
2026-08-09,320993,320994,eq_mm,eqpac,constant,mean,time-mean,matched-control,50,0,active,Biggrow,excluded-by-construction,geometric,0.4,,,,,,,excluded,Unobservable by the staged target construction.,False,1
2026-08-09,320993,320994,eq_mm,eqpac,constant,mean,time-mean,matched-control,50,0,active,Biggrow,excluded-by-construction,median,0.1,,,,,,,excluded,Unobservable by the staged target construction.,False,1
2026-08-09,320993,320994,eq_mm,eqpac,constant,mean,time-mean,matched-control,50,0,active,Biggrow,excluded-by-construction,median,0.2,,,,,,,excluded,Unobservable by the staged target construction.,False,1
2026-08-09,320993,320994,eq_mm,eqpac,constant,mean,time-mean,matched-control,50,0,active,Biggrow,excluded-by-construction,median,0.3,,,,,,,excluded,Unobservable by the staged target construction.,False,1
2026-08-09,320993,320994,eq_mm,eqpac,constant,mean,time-mean,matched-control,50,0,active,Biggrow,excluded-by-construction,median,0.4,,,,,,,excluded,Unobservable by the staged target construction.,False,1
2026-08-09,320993,320994,eq_mm,eqpac,constant,mean,time-mean,matched-control,50,0,active,diatomgraz,excluded-from-loss-decision,arithmetic,0.1,,,,,,,excluded,Long-target Chl1 pathology makes this parameter non-gradeable here.,False,1
2026-08-09,320993,320994,eq_mm,eqpac,constant,mean,time-mean,matched-control,50,0,active,diatomgraz,excluded-from-loss-decision,arithmetic,0.2,,,,,,,excluded,Long-target Chl1 pathology makes this parameter non-gradeable here.,False,1
2026-08-09,320993,320994,eq_mm,eqpac,constant,mean,time-mean,matched-control,50,0,active,diatomgraz,excluded-from-loss-decision,arithmetic,0.3,,,,,,,excluded,Long-target Chl1 pathology makes this parameter non-gradeable here.,False,1
2026-08-09,320993,320994,eq_mm,eqpac,constant,mean,time-mean,matched-control,50,0,active,diatomgraz,excluded-from-loss-decision,arithmetic,0.4,,,,,,,excluded,Long-target Chl1 pathology makes this parameter non-gradeable here.,False,1
2026-08-09,320993,320994,eq_mm,eqpac,constant,mean,time-mean,matched-control,50,0,active,diatomgraz,excluded-from-loss-decision,geometric,0.1,,,,,,,excluded,Long-target Chl1 pathology makes this parameter non-gradeable here.,False,1
2026-08-09,320993,320994,eq_mm,eqpac,constant,mean,time-mean,matched-control,50,0,active,diatomgraz,excluded-from-loss-decision,geometric,0.2,,,,,,,excluded,Long-target Chl1 pathology makes this parameter non-gradeable here.,False,1
2026-08-09,320993,320994,eq_mm,eqpac,constant,mean,time-mean,matched-control,50,0,active,diatomgraz,excluded-from-loss-decision,geometric,0.3,,,,,,,excluded,Long-target Chl1 pathology makes this parameter non-gradeable here.,False,1
2026-08-09,320993,320994,eq_mm,eqpac,constant,mean,time-mean,matched-control,50,0,active,diatomgraz,excluded-from-loss-decision,geometric,0.4,,,,,,,excluded,Long-target Chl1 pathology makes this parameter non-gradeable here.,False,1
2026-08-09,320993,320994,eq_mm,eqpac,constant,mean,time-mean,matched-control,50,0,active,diatomgraz,excluded-from-loss-decision,median,0.1,,,,,,,excluded,Long-target Chl1 pathology makes this parameter non-gradeable here.,False,1
2026-08-09,320993,320994,eq_mm,eqpac,constant,mean,time-mean,matched-control,50,0,active,diatomgraz,excluded-from-loss-decision,median,0.2,,,,,,,excluded,Long-target Chl1 pathology makes this parameter non-gradeable here.,False,1
2026-08-09,320993,320994,eq_mm,eqpac,constant,mean,time-mean,matched-control,50,0,active,diatomgraz,excluded-from-loss-decision,median,0.3,,,,,,,excluded,Long-target Chl1 pathology makes this parameter non-gradeable here.,False,1
2026-08-09,320993,320994,eq_mm,eqpac,constant,mean,time-mean,matched-control,50,0,active,diatomgraz,excluded-from-loss-decision,median,0.4,,,,,,,excluded,Long-target Chl1 pathology makes this parameter non-gradeable here.,False,1
2026-08-09,320993,320994,eq_mm,eqpac,constant,mean,time-mean,matched-control,50,0,active,R_PICPOC,twin-anchor-machinery-check,arithmetic,0.1,50,0,8.082812774647626e-62,1.00896149524115,17.908429818645494,0.019942657090723515,reported,,False,1
2026-08-09,320993,320994,eq_mm,eqpac,constant,mean,time-mean,matched-control,50,0,active,R_PICPOC,twin-anchor-machinery-check,arithmetic,0.2,50,0,8.082812774647626e-62,1.00896149524115,17.908429818645494,0.019942657090723515,reported,,False,1
2026-08-09,320993,320994,eq_mm,eqpac,constant,mean,time-mean,matched-control,50,0,active,R_PICPOC,twin-anchor-machinery-check,arithmetic,0.3,50,0,8.082812774647626e-62,1.00896149524115,17.908429818645494,0.019942657090723515,reported,,False,1
2026-08-09,320993,320994,eq_mm,eqpac,constant,mean,time-mean,matched-control,50,0,active,R_PICPOC,twin-anchor-machinery-check,arithmetic,0.4,50,0,8.082812774647626e-62,1.00896149524115,17.908429818645494,0.019942657090723515,reported,,False,1
2026-08-09,320993,320994,eq_mm,eqpac,constant,mean,time-mean,matched-control,50,0,active,R_PICPOC,twin-anchor-machinery-check,geometric,0.1,50,0,8.082812774647626e-62,1.0087592589261072,17.866142113025045,0.019942657090723515,reported,,False,1
2026-08-09,320993,320994,eq_mm,eqpac,constant,mean,time-mean,matched-control,50,0,active,R_PICPOC,twin-anchor-machinery-check,geometric,0.2,50,0,8.082812774647626e-62,1.0087592589261072,17.866142113025045,0.019942657090723515,reported,,False,1
2026-08-09,320993,320994,eq_mm,eqpac,constant,mean,time-mean,matched-control,50,0,active,R_PICPOC,twin-anchor-machinery-check,geometric,0.3,50,0,8.082812774647626e-62,1.0087592589261072,17.866142113025045,0.019942657090723515,reported,,False,1
2026-08-09,320993,320994,eq_mm,eqpac,constant,mean,time-mean,matched-control,50,0,active,R_PICPOC,twin-anchor-machinery-check,geometric,0.4,50,0,8.082812774647626e-62,1.0087592589261072,17.866142113025045,0.019942657090723515,reported,,False,1
2026-08-09,320993,320994,eq_mm,eqpac,constant,mean,time-mean,matched-control,50,0,active,R_PICPOC,twin-anchor-machinery-check,median,0.1,50,0,8.082812774647626e-62,1.003312305261435,17.87447061605947,0.019942657090723515,reported,,False,1
2026-08-09,320993,320994,eq_mm,eqpac,constant,mean,time-mean,matched-control,50,0,active,R_PICPOC,twin-anchor-machinery-check,median,0.2,50,0,8.082812774647626e-62,1.003312305261435,17.87447061605947,0.019942657090723515,reported,,False,1
2026-08-09,320993,320994,eq_mm,eqpac,constant,mean,time-mean,matched-control,50,0,active,R_PICPOC,twin-anchor-machinery-check,median,0.3,50,0,8.082812774647626e-62,1.003312305261435,17.87447061605947,0.019942657090723515,reported,,False,1
2026-08-09,320993,320994,eq_mm,eqpac,constant,mean,time-mean,matched-control,50,0,active,R_PICPOC,twin-anchor-machinery-check,median,0.4,50,0,8.082812774647626e-62,1.003312305261435,17.87447061605947,0.019942657090723515,reported,,False,1
2026-08-09,320993,320994,eq_le,eqpac,constant,long,endpoint,decisive,50,0,active,alpfe,boundary-diagnostic-only,arithmetic,0.1,0,0,0.9999999999999972,0.5390467545674305,0.5390467545674305,0.03846057318150997,reported,,False,1
2026-08-09,320993,320994,eq_le,eqpac,constant,long,endpoint,decisive,50,0,active,alpfe,boundary-diagnostic-only,arithmetic,0.2,0,0,0.9999999999999972,0.5390467545674305,0.5390467545674305,0.03846057318150997,reported,,False,1
2026-08-09,320993,320994,eq_le,eqpac,constant,long,endpoint,decisive,50,0,active,alpfe,boundary-diagnostic-only,arithmetic,0.3,0,0,0.9999999999999972,0.5390467545674305,0.5390467545674305,0.03846057318150997,reported,,False,1
2026-08-09,320993,320994,eq_le,eqpac,constant,long,endpoint,decisive,50,0,active,alpfe,boundary-diagnostic-only,arithmetic,0.4,10,10,0.5562595867082509,0.5390467545674305,0.5390467545674305,0.03846057318150997,reported,,False,1
2026-08-09,320993,320994,eq_le,eqpac,constant,long,endpoint,decisive,50,0,active,alpfe,boundary-diagnostic-only,geometric,0.1,0,0,0.9999999999999972,0.5385176992045373,0.5385176992045373,0.03846057318150997,reported,,False,1
2026-08-09,320993,320994,eq_le,eqpac,constant,long,endpoint,decisive,50,0,active,alpfe,boundary-diagnostic-only,geometric,0.2,0,0,0.9999999999999972,0.5385176992045373,0.5385176992045373,0.03846057318150997,reported,,False,1
2026-08-09,320993,320994,eq_le,eqpac,constant,long,endpoint,decisive,50,0,active,alpfe,boundary-diagnostic-only,geometric,0.3,0,0,0.9999999999999972,0.5385176992045373,0.5385176992045373,0.03846057318150997,reported,,False,1
2026-08-09,320993,320994,eq_le,eqpac,constant,long,endpoint,decisive,50,0,active,alpfe,boundary-diagnostic-only,geometric,0.4,10,10,0.5562595867082509,0.5385176992045373,0.5385176992045373,0.03846057318150997,reported,,False,1
2026-08-09,320993,320994,eq_le,eqpac,constant,long,endpoint,decisive,50,0,active,alpfe,boundary-diagnostic-only,median,0.1,0,0,0.9999999999999972,0.5411572615340619,0.5411199889665496,0.03846057318150997,reported,,False,1
2026-08-09,320993,320994,eq_le,eqpac,constant,long,endpoint,decisive,50,0,active,alpfe,boundary-diagnostic-only,median,0.2,0,0,0.9999999999999972,0.5411572615340619,0.5411199889665496,0.03846057318150997,reported,,False,1
2026-08-09,320993,320994,eq_le,eqpac,constant,long,endpoint,decisive,50,0,active,alpfe,boundary-diagnostic-only,median,0.3,0,0,0.9999999999999972,0.5411572615340619,0.5411199889665496,0.03846057318150997,reported,,False,1
2026-08-09,320993,320994,eq_le,eqpac,constant,long,endpoint,decisive,50,0,active,alpfe,boundary-diagnostic-only,median,0.4,11,11,0.555223832165095,0.5411572615340619,0.5411199889665496,0.03846057318150997,reported,,False,1
2026-08-09,320993,320994,eq_le,eqpac,constant,long,endpoint,decisive,50,0,active,scav_rat,primary-inferential-target,arithmetic,0.1,0,0,0.9999999999999972,2.456959886060755,2.456959886060755,0.04449199698865414,reported,,False,1
2026-08-09,320993,320994,eq_le,eqpac,constant,long,endpoint,decisive,50,0,active,scav_rat,primary-inferential-target,arithmetic,0.2,0,0,0.9999999999999972,2.456959886060755,2.456959886060755,0.04449199698865414,reported,,False,1
2026-08-09,320993,320994,eq_le,eqpac,constant,long,endpoint,decisive,50,0,active,scav_rat,primary-inferential-target,arithmetic,0.3,0,0,0.9999999999999972,2.456959886060755,2.456959886060755,0.04449199698865414,reported,,False,1
2026-08-09,320993,320994,eq_le,eqpac,constant,long,endpoint,decisive,50,0,active,scav_rat,primary-inferential-target,arithmetic,0.4,0,0,0.9999999999999972,2.456959886060755,2.456959886060755,0.04449199698865414,reported,,False,1
2026-08-09,320993,320994,eq_le,eqpac,constant,long,endpoint,decisive,50,0,active,scav_rat,primary-inferential-target,geometric,0.1,0,0,0.9999999999999972,2.454067534249561,2.454067534249561,0.04449199698865414,reported,,False,1
2026-08-09,320993,320994,eq_le,eqpac,constant,long,endpoint,decisive,50,0,active,scav_rat,primary-inferential-target,geometric,0.2,0,0,0.9999999999999972,2.454067534249561,2.454067534249561,0.04449199698865414,reported,,False,1
2026-08-09,320993,320994,eq_le,eqpac,constant,long,endpoint,decisive,50,0,active,scav_rat,primary-inferential-target,geometric,0.3,0,0,0.9999999999999972,2.454067534249561,2.454067534249561,0.04449199698865414,reported,,False,1
2026-08-09,320993,320994,eq_le,eqpac,constant,long,endpoint,decisive,50,0,active,scav_rat,primary-inferential-target,geometric,0.4,0,0,0.9999999999999972,2.454067534249561,2.454067534249561,0.04449199698865414,reported,,False,1
2026-08-09,320993,320994,eq_le,eqpac,constant,long,endpoint,decisive,50,0,active,scav_rat,primary-inferential-target,median,0.1,0,0,0.9999999999999972,2.4252911952101135,2.4252911952101135,0.04449199698865414,reported,,False,1
2026-08-09,320993,320994,eq_le,eqpac,constant,long,endpoint,decisive,50,0,active,scav_rat,primary-inferential-target,median,0.2,0,0,0.9999999999999972,2.4252911952101135,2.4252911952101135,0.04449199698865414,reported,,False,1
2026-08-09,320993,320994,eq_le,eqpac,constant,long,endpoint,decisive,50,0,active,scav_rat,primary-inferential-target,median,0.3,0,0,0.9999999999999972,2.4252911952101135,2.4252911952101135,0.04449199698865414,reported,,False,1
2026-08-09,320993,320994,eq_le,eqpac,constant,long,endpoint,decisive,50,0,active,scav_rat,primary-inferential-target,median,0.4,0,0,0.9999999999999972,2.4252911952101135,2.4252911952101135,0.04449199698865414,reported,,False,1
2026-08-09,320993,320994,eq_le,eqpac,constant,long,endpoint,decisive,50,0,active,Smallgrow,excluded-by-construction,arithmetic,0.1,,,,,,,excluded,No time-mean observable independently identifies this parameter.,False,1
2026-08-09,320993,320994,eq_le,eqpac,constant,long,endpoint,decisive,50,0,active,Smallgrow,excluded-by-construction,arithmetic,0.2,,,,,,,excluded,No time-mean observable independently identifies this parameter.,False,1
2026-08-09,320993,320994,eq_le,eqpac,constant,long,endpoint,decisive,50,0,active,Smallgrow,excluded-by-construction,arithmetic,0.3,,,,,,,excluded,No time-mean observable independently identifies this parameter.,False,1
2026-08-09,320993,320994,eq_le,eqpac,constant,long,endpoint,decisive,50,0,active,Smallgrow,excluded-by-construction,arithmetic,0.4,,,,,,,excluded,No time-mean observable independently identifies this parameter.,False,1
2026-08-09,320993,320994,eq_le,eqpac,constant,long,endpoint,decisive,50,0,active,Smallgrow,excluded-by-construction,geometric,0.1,,,,,,,excluded,No time-mean observable independently identifies this parameter.,False,1
2026-08-09,320993,320994,eq_le,eqpac,constant,long,endpoint,decisive,50,0,active,Smallgrow,excluded-by-construction,geometric,0.2,,,,,,,excluded,No time-mean observable independently identifies this parameter.,False,1
2026-08-09,320993,320994,eq_le,eqpac,constant,long,endpoint,decisive,50,0,active,Smallgrow,excluded-by-construction,geometric,0.3,,,,,,,excluded,No time-mean observable independently identifies this parameter.,False,1
2026-08-09,320993,320994,eq_le,eqpac,constant,long,endpoint,decisive,50,0,active,Smallgrow,excluded-by-construction,geometric,0.4,,,,,,,excluded,No time-mean observable independently identifies this parameter.,False,1
2026-08-09,320993,320994,eq_le,eqpac,constant,long,endpoint,decisive,50,0,active,Smallgrow,excluded-by-construction,median,0.1,,,,,,,excluded,No time-mean observable independently identifies this parameter.,False,1
2026-08-09,320993,320994,eq_le,eqpac,constant,long,endpoint,decisive,50,0,active,Smallgrow,excluded-by-construction,median,0.2,,,,,,,excluded,No time-mean observable independently identifies this parameter.,False,1
2026-08-09,320993,320994,eq_le,eqpac,constant,long,endpoint,decisive,50,0,active,Smallgrow,excluded-by-construction,median,0.3,,,,,,,excluded,No time-mean observable independently identifies this parameter.,False,1
2026-08-09,320993,320994,eq_le,eqpac,constant,long,endpoint,decisive,50,0,active,Smallgrow,excluded-by-construction,median,0.4,,,,,,,excluded,No time-mean observable independently identifies this parameter.,False,1
2026-08-09,320993,320994,eq_le,eqpac,constant,long,endpoint,decisive,50,0,active,Biggrow,excluded-by-construction,arithmetic,0.1,,,,,,,excluded,Unobservable by the staged target construction.,False,1
2026-08-09,320993,320994,eq_le,eqpac,constant,long,endpoint,decisive,50,0,active,Biggrow,excluded-by-construction,arithmetic,0.2,,,,,,,excluded,Unobservable by the staged target construction.,False,1
2026-08-09,320993,320994,eq_le,eqpac,constant,long,endpoint,decisive,50,0,active,Biggrow,excluded-by-construction,arithmetic,0.3,,,,,,,excluded,Unobservable by the staged target construction.,False,1
2026-08-09,320993,320994,eq_le,eqpac,constant,long,endpoint,decisive,50,0,active,Biggrow,excluded-by-construction,arithmetic,0.4,,,,,,,excluded,Unobservable by the staged target construction.,False,1
2026-08-09,320993,320994,eq_le,eqpac,constant,long,endpoint,decisive,50,0,active,Biggrow,excluded-by-construction,geometric,0.1,,,,,,,excluded,Unobservable by the staged target construction.,False,1
2026-08-09,320993,320994,eq_le,eqpac,constant,long,endpoint,decisive,50,0,active,Biggrow,excluded-by-construction,geometric,0.2,,,,,,,excluded,Unobservable by the staged target construction.,False,1
2026-08-09,320993,320994,eq_le,eqpac,constant,long,endpoint,decisive,50,0,active,Biggrow,excluded-by-construction,geometric,0.3,,,,,,,excluded,Unobservable by the staged target construction.,False,1
2026-08-09,320993,320994,eq_le,eqpac,constant,long,endpoint,decisive,50,0,active,Biggrow,excluded-by-construction,geometric,0.4,,,,,,,excluded,Unobservable by the staged target construction.,False,1
2026-08-09,320993,320994,eq_le,eqpac,constant,long,endpoint,decisive,50,0,active,Biggrow,excluded-by-construction,median,0.1,,,,,,,excluded,Unobservable by the staged target construction.,False,1
2026-08-09,320993,320994,eq_le,eqpac,constant,long,endpoint,decisive,50,0,active,Biggrow,excluded-by-construction,median,0.2,,,,,,,excluded,Unobservable by the staged target construction.,False,1
2026-08-09,320993,320994,eq_le,eqpac,constant,long,endpoint,decisive,50,0,active,Biggrow,excluded-by-construction,median,0.3,,,,,,,excluded,Unobservable by the staged target construction.,False,1
2026-08-09,320993,320994,eq_le,eqpac,constant,long,endpoint,decisive,50,0,active,Biggrow,excluded-by-construction,median,0.4,,,,,,,excluded,Unobservable by the staged target construction.,False,1
2026-08-09,320993,320994,eq_le,eqpac,constant,long,endpoint,decisive,50,0,active,diatomgraz,excluded-from-loss-decision,arithmetic,0.1,,,,,,,excluded,Long-target Chl1 pathology makes this parameter non-gradeable here.,False,1
2026-08-09,320993,320994,eq_le,eqpac,constant,long,endpoint,decisive,50,0,active,diatomgraz,excluded-from-loss-decision,arithmetic,0.2,,,,,,,excluded,Long-target Chl1 pathology makes this parameter non-gradeable here.,False,1
2026-08-09,320993,320994,eq_le,eqpac,constant,long,endpoint,decisive,50,0,active,diatomgraz,excluded-from-loss-decision,arithmetic,0.3,,,,,,,excluded,Long-target Chl1 pathology makes this parameter non-gradeable here.,False,1
2026-08-09,320993,320994,eq_le,eqpac,constant,long,endpoint,decisive,50,0,active,diatomgraz,excluded-from-loss-decision,arithmetic,0.4,,,,,,,excluded,Long-target Chl1 pathology makes this parameter non-gradeable here.,False,1
2026-08-09,320993,320994,eq_le,eqpac,constant,long,endpoint,decisive,50,0,active,diatomgraz,excluded-from-loss-decision,geometric,0.1,,,,,,,excluded,Long-target Chl1 pathology makes this parameter non-gradeable here.,False,1
2026-08-09,320993,320994,eq_le,eqpac,constant,long,endpoint,decisive,50,0,active,diatomgraz,excluded-from-loss-decision,geometric,0.2,,,,,,,excluded,Long-target Chl1 pathology makes this parameter non-gradeable here.,False,1
2026-08-09,320993,320994,eq_le,eqpac,constant,long,endpoint,decisive,50,0,active,diatomgraz,excluded-from-loss-decision,geometric,0.3,,,,,,,excluded,Long-target Chl1 pathology makes this parameter non-gradeable here.,False,1
2026-08-09,320993,320994,eq_le,eqpac,constant,long,endpoint,decisive,50,0,active,diatomgraz,excluded-from-loss-decision,geometric,0.4,,,,,,,excluded,Long-target Chl1 pathology makes this parameter non-gradeable here.,False,1
2026-08-09,320993,320994,eq_le,eqpac,constant,long,endpoint,decisive,50,0,active,diatomgraz,excluded-from-loss-decision,median,0.1,,,,,,,excluded,Long-target Chl1 pathology makes this parameter non-gradeable here.,False,1
2026-08-09,320993,320994,eq_le,eqpac,constant,long,endpoint,decisive,50,0,active,diatomgraz,excluded-from-loss-decision,median,0.2,,,,,,,excluded,Long-target Chl1 pathology makes this parameter non-gradeable here.,False,1
2026-08-09,320993,320994,eq_le,eqpac,constant,long,endpoint,decisive,50,0,active,diatomgraz,excluded-from-loss-decision,median,0.3,,,,,,,excluded,Long-target Chl1 pathology makes this parameter non-gradeable here.,False,1
2026-08-09,320993,320994,eq_le,eqpac,constant,long,endpoint,decisive,50,0,active,diatomgraz,excluded-from-loss-decision,median,0.4,,,,,,,excluded,Long-target Chl1 pathology makes this parameter non-gradeable here.,False,1
2026-08-09,320993,320994,eq_le,eqpac,constant,long,endpoint,decisive,50,0,active,R_PICPOC,twin-anchor-machinery-check,arithmetic,0.1,0,0,0.9999999999999972,1.202849912922984,17.908429818645494,0.2866455167531967,reported,,False,1
2026-08-09,320993,320994,eq_le,eqpac,constant,long,endpoint,decisive,50,0,active,R_PICPOC,twin-anchor-machinery-check,arithmetic,0.2,22,0,2.2385976097496637e-14,1.202849912922984,17.908429818645494,0.2866455167531967,reported,,False,1
2026-08-09,320993,320994,eq_le,eqpac,constant,long,endpoint,decisive,50,0,active,R_PICPOC,twin-anchor-machinery-check,arithmetic,0.3,48,0,2.436594445988009e-56,1.202849912922984,17.908429818645494,0.2866455167531967,reported,,False,1
2026-08-09,320993,320994,eq_le,eqpac,constant,long,endpoint,decisive,50,0,active,R_PICPOC,twin-anchor-machinery-check,arithmetic,0.4,49,0,6.33961948624862e-59,1.202849912922984,17.908429818645494,0.2866455167531967,reported,,False,1
2026-08-09,320993,320994,eq_le,eqpac,constant,long,endpoint,decisive,50,0,active,R_PICPOC,twin-anchor-machinery-check,geometric,0.1,8,0,0.00937826380340711,1.1538295677478492,17.866142113025045,0.2866455167531967,reported,,False,1
2026-08-09,320993,320994,eq_le,eqpac,constant,long,endpoint,decisive,50,0,active,R_PICPOC,twin-anchor-machinery-check,geometric,0.2,40,0,7.512709176303326e-40,1.1538295677478492,17.866142113025045,0.2866455167531967,reported,,False,1
2026-08-09,320993,320994,eq_le,eqpac,constant,long,endpoint,decisive,50,0,active,R_PICPOC,twin-anchor-machinery-check,geometric,0.3,48,0,2.436594445988009e-56,1.1538295677478492,17.866142113025045,0.2866455167531967,reported,,False,1
2026-08-09,320993,320994,eq_le,eqpac,constant,long,endpoint,decisive,50,0,active,R_PICPOC,twin-anchor-machinery-check,geometric,0.4,50,0,8.082812774647626e-62,1.1538295677478492,17.866142113025045,0.2866455167531967,reported,,False,1
2026-08-09,320993,320994,eq_le,eqpac,constant,long,endpoint,decisive,50,0,active,R_PICPOC,twin-anchor-machinery-check,median,0.1,29,0,7.080129202076092e-23,1.0815948718241242,17.87447061605947,0.2866455167531967,reported,,False,1
2026-08-09,320993,320994,eq_le,eqpac,constant,long,endpoint,decisive,50,0,active,R_PICPOC,twin-anchor-machinery-check,median,0.2,45,0,1.6275950497406345e-49,1.0815948718241242,17.87447061605947,0.2866455167531967,reported,,False,1
2026-08-09,320993,320994,eq_le,eqpac,constant,long,endpoint,decisive,50,0,active,R_PICPOC,twin-anchor-machinery-check,median,0.3,48,0,2.436594445988009e-56,1.0815948718241242,17.87447061605947,0.2866455167531967,reported,,False,1
2026-08-09,320993,320994,eq_le,eqpac,constant,long,endpoint,decisive,50,0,active,R_PICPOC,twin-anchor-machinery-check,median,0.4,50,0,8.082812774647626e-62,1.0815948718241242,17.87447061605947,0.2866455167531967,reported,,False,1
2026-08-09,320993,320994,eq_lm,eqpac,constant,long,time-mean,decisive,50,0,active,alpfe,boundary-diagnostic-only,arithmetic,0.1,0,0,0.9999999999999972,0.5390467545674305,0.5390467545674305,0.03846057318150997,reported,,False,1
2026-08-09,320993,320994,eq_lm,eqpac,constant,long,time-mean,decisive,50,0,active,alpfe,boundary-diagnostic-only,arithmetic,0.2,0,0,0.9999999999999972,0.5390467545674305,0.5390467545674305,0.03846057318150997,reported,,False,1
2026-08-09,320993,320994,eq_lm,eqpac,constant,long,time-mean,decisive,50,0,active,alpfe,boundary-diagnostic-only,arithmetic,0.3,0,0,0.9999999999999972,0.5390467545674305,0.5390467545674305,0.03846057318150997,reported,,False,1
2026-08-09,320993,320994,eq_lm,eqpac,constant,long,time-mean,decisive,50,0,active,alpfe,boundary-diagnostic-only,arithmetic,0.4,10,10,0.5562595867082509,0.5390467545674305,0.5390467545674305,0.03846057318150997,reported,,False,1
2026-08-09,320993,320994,eq_lm,eqpac,constant,long,time-mean,decisive,50,0,active,alpfe,boundary-diagnostic-only,geometric,0.1,0,0,0.9999999999999972,0.5385176992045373,0.5385176992045373,0.03846057318150997,reported,,False,1
2026-08-09,320993,320994,eq_lm,eqpac,constant,long,time-mean,decisive,50,0,active,alpfe,boundary-diagnostic-only,geometric,0.2,0,0,0.9999999999999972,0.5385176992045373,0.5385176992045373,0.03846057318150997,reported,,False,1
2026-08-09,320993,320994,eq_lm,eqpac,constant,long,time-mean,decisive,50,0,active,alpfe,boundary-diagnostic-only,geometric,0.3,0,0,0.9999999999999972,0.5385176992045373,0.5385176992045373,0.03846057318150997,reported,,False,1
2026-08-09,320993,320994,eq_lm,eqpac,constant,long,time-mean,decisive,50,0,active,alpfe,boundary-diagnostic-only,geometric,0.4,10,10,0.5562595867082509,0.5385176992045373,0.5385176992045373,0.03846057318150997,reported,,False,1
2026-08-09,320993,320994,eq_lm,eqpac,constant,long,time-mean,decisive,50,0,active,alpfe,boundary-diagnostic-only,median,0.1,0,0,0.9999999999999972,0.5411199889665496,0.5411199889665496,0.03846057318150997,reported,,False,1
2026-08-09,320993,320994,eq_lm,eqpac,constant,long,time-mean,decisive,50,0,active,alpfe,boundary-diagnostic-only,median,0.2,0,0,0.9999999999999972,0.5411199889665496,0.5411199889665496,0.03846057318150997,reported,,False,1
2026-08-09,320993,320994,eq_lm,eqpac,constant,long,time-mean,decisive,50,0,active,alpfe,boundary-diagnostic-only,median,0.3,0,0,0.9999999999999972,0.5411199889665496,0.5411199889665496,0.03846057318150997,reported,,False,1
2026-08-09,320993,320994,eq_lm,eqpac,constant,long,time-mean,decisive,50,0,active,alpfe,boundary-diagnostic-only,median,0.4,11,11,0.555223832165095,0.5411199889665496,0.5411199889665496,0.03846057318150997,reported,,False,1
2026-08-09,320993,320994,eq_lm,eqpac,constant,long,time-mean,decisive,50,0,active,scav_rat,primary-inferential-target,arithmetic,0.1,0,0,0.9999999999999972,2.456959886060755,2.456959886060755,0.04449199698865414,reported,,False,1
2026-08-09,320993,320994,eq_lm,eqpac,constant,long,time-mean,decisive,50,0,active,scav_rat,primary-inferential-target,arithmetic,0.2,0,0,0.9999999999999972,2.456959886060755,2.456959886060755,0.04449199698865414,reported,,False,1
2026-08-09,320993,320994,eq_lm,eqpac,constant,long,time-mean,decisive,50,0,active,scav_rat,primary-inferential-target,arithmetic,0.3,0,0,0.9999999999999972,2.456959886060755,2.456959886060755,0.04449199698865414,reported,,False,1
2026-08-09,320993,320994,eq_lm,eqpac,constant,long,time-mean,decisive,50,0,active,scav_rat,primary-inferential-target,arithmetic,0.4,0,0,0.9999999999999972,2.456959886060755,2.456959886060755,0.04449199698865414,reported,,False,1
2026-08-09,320993,320994,eq_lm,eqpac,constant,long,time-mean,decisive,50,0,active,scav_rat,primary-inferential-target,geometric,0.1,0,0,0.9999999999999972,2.454067534249561,2.454067534249561,0.04449199698865414,reported,,False,1
2026-08-09,320993,320994,eq_lm,eqpac,constant,long,time-mean,decisive,50,0,active,scav_rat,primary-inferential-target,geometric,0.2,0,0,0.9999999999999972,2.454067534249561,2.454067534249561,0.04449199698865414,reported,,False,1
2026-08-09,320993,320994,eq_lm,eqpac,constant,long,time-mean,decisive,50,0,active,scav_rat,primary-inferential-target,geometric,0.3,0,0,0.9999999999999972,2.454067534249561,2.454067534249561,0.04449199698865414,reported,,False,1
2026-08-09,320993,320994,eq_lm,eqpac,constant,long,time-mean,decisive,50,0,active,scav_rat,primary-inferential-target,geometric,0.4,0,0,0.9999999999999972,2.454067534249561,2.454067534249561,0.04449199698865414,reported,,False,1
2026-08-09,320993,320994,eq_lm,eqpac,constant,long,time-mean,decisive,50,0,active,scav_rat,primary-inferential-target,median,0.1,0,0,0.9999999999999972,2.4252911952101135,2.4252911952101135,0.04449199698865414,reported,,False,1
2026-08-09,320993,320994,eq_lm,eqpac,constant,long,time-mean,decisive,50,0,active,scav_rat,primary-inferential-target,median,0.2,0,0,0.9999999999999972,2.4252911952101135,2.4252911952101135,0.04449199698865414,reported,,False,1
2026-08-09,320993,320994,eq_lm,eqpac,constant,long,time-mean,decisive,50,0,active,scav_rat,primary-inferential-target,median,0.3,0,0,0.9999999999999972,2.4252911952101135,2.4252911952101135,0.04449199698865414,reported,,False,1
2026-08-09,320993,320994,eq_lm,eqpac,constant,long,time-mean,decisive,50,0,active,scav_rat,primary-inferential-target,median,0.4,0,0,0.9999999999999972,2.4252911952101135,2.4252911952101135,0.04449199698865414,reported,,False,1
2026-08-09,320993,320994,eq_lm,eqpac,constant,long,time-mean,decisive,50,0,active,Smallgrow,excluded-by-construction,arithmetic,0.1,,,,,,,excluded,No time-mean observable independently identifies this parameter.,False,1
2026-08-09,320993,320994,eq_lm,eqpac,constant,long,time-mean,decisive,50,0,active,Smallgrow,excluded-by-construction,arithmetic,0.2,,,,,,,excluded,No time-mean observable independently identifies this parameter.,False,1
2026-08-09,320993,320994,eq_lm,eqpac,constant,long,time-mean,decisive,50,0,active,Smallgrow,excluded-by-construction,arithmetic,0.3,,,,,,,excluded,No time-mean observable independently identifies this parameter.,False,1
2026-08-09,320993,320994,eq_lm,eqpac,constant,long,time-mean,decisive,50,0,active,Smallgrow,excluded-by-construction,arithmetic,0.4,,,,,,,excluded,No time-mean observable independently identifies this parameter.,False,1
2026-08-09,320993,320994,eq_lm,eqpac,constant,long,time-mean,decisive,50,0,active,Smallgrow,excluded-by-construction,geometric,0.1,,,,,,,excluded,No time-mean observable independently identifies this parameter.,False,1
2026-08-09,320993,320994,eq_lm,eqpac,constant,long,time-mean,decisive,50,0,active,Smallgrow,excluded-by-construction,geometric,0.2,,,,,,,excluded,No time-mean observable independently identifies this parameter.,False,1
2026-08-09,320993,320994,eq_lm,eqpac,constant,long,time-mean,decisive,50,0,active,Smallgrow,excluded-by-construction,geometric,0.3,,,,,,,excluded,No time-mean observable independently identifies this parameter.,False,1
2026-08-09,320993,320994,eq_lm,eqpac,constant,long,time-mean,decisive,50,0,active,Smallgrow,excluded-by-construction,geometric,0.4,,,,,,,excluded,No time-mean observable independently identifies this parameter.,False,1
2026-08-09,320993,320994,eq_lm,eqpac,constant,long,time-mean,decisive,50,0,active,Smallgrow,excluded-by-construction,median,0.1,,,,,,,excluded,No time-mean observable independently identifies this parameter.,False,1
2026-08-09,320993,320994,eq_lm,eqpac,constant,long,time-mean,decisive,50,0,active,Smallgrow,excluded-by-construction,median,0.2,,,,,,,excluded,No time-mean observable independently identifies this parameter.,False,1
2026-08-09,320993,320994,eq_lm,eqpac,constant,long,time-mean,decisive,50,0,active,Smallgrow,excluded-by-construction,median,0.3,,,,,,,excluded,No time-mean observable independently identifies this parameter.,False,1
2026-08-09,320993,320994,eq_lm,eqpac,constant,long,time-mean,decisive,50,0,active,Smallgrow,excluded-by-construction,median,0.4,,,,,,,excluded,No time-mean observable independently identifies this parameter.,False,1
2026-08-09,320993,320994,eq_lm,eqpac,constant,long,time-mean,decisive,50,0,active,Biggrow,excluded-by-construction,arithmetic,0.1,,,,,,,excluded,Unobservable by the staged target construction.,False,1
2026-08-09,320993,320994,eq_lm,eqpac,constant,long,time-mean,decisive,50,0,active,Biggrow,excluded-by-construction,arithmetic,0.2,,,,,,,excluded,Unobservable by the staged target construction.,False,1
2026-08-09,320993,320994,eq_lm,eqpac,constant,long,time-mean,decisive,50,0,active,Biggrow,excluded-by-construction,arithmetic,0.3,,,,,,,excluded,Unobservable by the staged target construction.,False,1
2026-08-09,320993,320994,eq_lm,eqpac,constant,long,time-mean,decisive,50,0,active,Biggrow,excluded-by-construction,arithmetic,0.4,,,,,,,excluded,Unobservable by the staged target construction.,False,1
2026-08-09,320993,320994,eq_lm,eqpac,constant,long,time-mean,decisive,50,0,active,Biggrow,excluded-by-construction,geometric,0.1,,,,,,,excluded,Unobservable by the staged target construction.,False,1
2026-08-09,320993,320994,eq_lm,eqpac,constant,long,time-mean,decisive,50,0,active,Biggrow,excluded-by-construction,geometric,0.2,,,,,,,excluded,Unobservable by the staged target construction.,False,1
2026-08-09,320993,320994,eq_lm,eqpac,constant,long,time-mean,decisive,50,0,active,Biggrow,excluded-by-construction,geometric,0.3,,,,,,,excluded,Unobservable by the staged target construction.,False,1
2026-08-09,320993,320994,eq_lm,eqpac,constant,long,time-mean,decisive,50,0,active,Biggrow,excluded-by-construction,geometric,0.4,,,,,,,excluded,Unobservable by the staged target construction.,False,1
2026-08-09,320993,320994,eq_lm,eqpac,constant,long,time-mean,decisive,50,0,active,Biggrow,excluded-by-construction,median,0.1,,,,,,,excluded,Unobservable by the staged target construction.,False,1
2026-08-09,320993,320994,eq_lm,eqpac,constant,long,time-mean,decisive,50,0,active,Biggrow,excluded-by-construction,median,0.2,,,,,,,excluded,Unobservable by the staged target construction.,False,1
2026-08-09,320993,320994,eq_lm,eqpac,constant,long,time-mean,decisive,50,0,active,Biggrow,excluded-by-construction,median,0.3,,,,,,,excluded,Unobservable by the staged target construction.,False,1
2026-08-09,320993,320994,eq_lm,eqpac,constant,long,time-mean,decisive,50,0,active,Biggrow,excluded-by-construction,median,0.4,,,,,,,excluded,Unobservable by the staged target construction.,False,1
2026-08-09,320993,320994,eq_lm,eqpac,constant,long,time-mean,decisive,50,0,active,diatomgraz,excluded-from-loss-decision,arithmetic,0.1,,,,,,,excluded,Long-target Chl1 pathology makes this parameter non-gradeable here.,False,1
2026-08-09,320993,320994,eq_lm,eqpac,constant,long,time-mean,decisive,50,0,active,diatomgraz,excluded-from-loss-decision,arithmetic,0.2,,,,,,,excluded,Long-target Chl1 pathology makes this parameter non-gradeable here.,False,1
2026-08-09,320993,320994,eq_lm,eqpac,constant,long,time-mean,decisive,50,0,active,diatomgraz,excluded-from-loss-decision,arithmetic,0.3,,,,,,,excluded,Long-target Chl1 pathology makes this parameter non-gradeable here.,False,1
2026-08-09,320993,320994,eq_lm,eqpac,constant,long,time-mean,decisive,50,0,active,diatomgraz,excluded-from-loss-decision,arithmetic,0.4,,,,,,,excluded,Long-target Chl1 pathology makes this parameter non-gradeable here.,False,1
2026-08-09,320993,320994,eq_lm,eqpac,constant,long,time-mean,decisive,50,0,active,diatomgraz,excluded-from-loss-decision,geometric,0.1,,,,,,,excluded,Long-target Chl1 pathology makes this parameter non-gradeable here.,False,1
2026-08-09,320993,320994,eq_lm,eqpac,constant,long,time-mean,decisive,50,0,active,diatomgraz,excluded-from-loss-decision,geometric,0.2,,,,,,,excluded,Long-target Chl1 pathology makes this parameter non-gradeable here.,False,1
2026-08-09,320993,320994,eq_lm,eqpac,constant,long,time-mean,decisive,50,0,active,diatomgraz,excluded-from-loss-decision,geometric,0.3,,,,,,,excluded,Long-target Chl1 pathology makes this parameter non-gradeable here.,False,1
2026-08-09,320993,320994,eq_lm,eqpac,constant,long,time-mean,decisive,50,0,active,diatomgraz,excluded-from-loss-decision,geometric,0.4,,,,,,,excluded,Long-target Chl1 pathology makes this parameter non-gradeable here.,False,1
2026-08-09,320993,320994,eq_lm,eqpac,constant,long,time-mean,decisive,50,0,active,diatomgraz,excluded-from-loss-decision,median,0.1,,,,,,,excluded,Long-target Chl1 pathology makes this parameter non-gradeable here.,False,1
2026-08-09,320993,320994,eq_lm,eqpac,constant,long,time-mean,decisive,50,0,active,diatomgraz,excluded-from-loss-decision,median,0.2,,,,,,,excluded,Long-target Chl1 pathology makes this parameter non-gradeable here.,False,1
2026-08-09,320993,320994,eq_lm,eqpac,constant,long,time-mean,decisive,50,0,active,diatomgraz,excluded-from-loss-decision,median,0.3,,,,,,,excluded,Long-target Chl1 pathology makes this parameter non-gradeable here.,False,1
2026-08-09,320993,320994,eq_lm,eqpac,constant,long,time-mean,decisive,50,0,active,diatomgraz,excluded-from-loss-decision,median,0.4,,,,,,,excluded,Long-target Chl1 pathology makes this parameter non-gradeable here.,False,1
2026-08-09,320993,320994,eq_lm,eqpac,constant,long,time-mean,decisive,50,0,active,R_PICPOC,twin-anchor-machinery-check,arithmetic,0.1,0,0,0.9999999999999972,1.2020229774503657,17.908429818645494,0.2866595834493637,reported,,False,1
2026-08-09,320993,320994,eq_lm,eqpac,constant,long,time-mean,decisive,50,0,active,R_PICPOC,twin-anchor-machinery-check,arithmetic,0.2,23,0,1.7286137741831819e-15,1.2020229774503657,17.908429818645494,0.2866595834493637,reported,,False,1
2026-08-09,320993,320994,eq_lm,eqpac,constant,long,time-mean,decisive,50,0,active,R_PICPOC,twin-anchor-machinery-check,arithmetic,0.3,48,0,2.436594445988009e-56,1.2020229774503657,17.908429818645494,0.2866595834493637,reported,,False,1
2026-08-09,320993,320994,eq_lm,eqpac,constant,long,time-mean,decisive,50,0,active,R_PICPOC,twin-anchor-machinery-check,arithmetic,0.4,49,0,6.33961948624862e-59,1.2020229774503657,17.908429818645494,0.2866595834493637,reported,,False,1
2026-08-09,320993,320994,eq_lm,eqpac,constant,long,time-mean,decisive,50,0,active,R_PICPOC,twin-anchor-machinery-check,geometric,0.1,9,0,0.002672380553979258,1.1525147026108187,17.866142113025045,0.2866595834493637,reported,,False,1
2026-08-09,320993,320994,eq_lm,eqpac,constant,long,time-mean,decisive,50,0,active,R_PICPOC,twin-anchor-machinery-check,geometric,0.2,41,0,1.1673607850371006e-41,1.1525147026108187,17.866142113025045,0.2866595834493637,reported,,False,1
2026-08-09,320993,320994,eq_lm,eqpac,constant,long,time-mean,decisive,50,0,active,R_PICPOC,twin-anchor-machinery-check,geometric,0.3,48,0,2.436594445988009e-56,1.1525147026108187,17.866142113025045,0.2866595834493637,reported,,False,1
2026-08-09,320993,320994,eq_lm,eqpac,constant,long,time-mean,decisive,50,0,active,R_PICPOC,twin-anchor-machinery-check,geometric,0.4,50,0,8.082812774647626e-62,1.1525147026108187,17.866142113025045,0.2866595834493637,reported,,False,1
2026-08-09,320993,320994,eq_lm,eqpac,constant,long,time-mean,decisive,50,0,active,R_PICPOC,twin-anchor-machinery-check,median,0.1,29,0,7.080129202076092e-23,1.077820876281309,17.87447061605947,0.2866595834493637,reported,,False,1
2026-08-09,320993,320994,eq_lm,eqpac,constant,long,time-mean,decisive,50,0,active,R_PICPOC,twin-anchor-machinery-check,median,0.2,45,0,1.6275950497406345e-49,1.077820876281309,17.87447061605947,0.2866595834493637,reported,,False,1
2026-08-09,320993,320994,eq_lm,eqpac,constant,long,time-mean,decisive,50,0,active,R_PICPOC,twin-anchor-machinery-check,median,0.3,48,0,2.436594445988009e-56,1.077820876281309,17.87447061605947,0.2866595834493637,reported,,False,1
2026-08-09,320993,320994,eq_lm,eqpac,constant,long,time-mean,decisive,50,0,active,R_PICPOC,twin-anchor-machinery-check,median,0.4,50,0,8.082812774647626e-62,1.077820876281309,17.87447061605947,0.2866595834493637,reported,,False,1
2026-08-09,320993,320994,eq_null,eqpac,constant,untrained,none,untrained-null,50,0,active,alpfe,boundary-diagnostic-only,arithmetic,0.1,0,0,,0.5390467545674305,0.5390467545674305,0.03846057318150997,reported,,False,1
2026-08-09,320993,320994,eq_null,eqpac,constant,untrained,none,untrained-null,50,0,active,alpfe,boundary-diagnostic-only,arithmetic,0.2,0,0,,0.5390467545674305,0.5390467545674305,0.03846057318150997,reported,,False,1
2026-08-09,320993,320994,eq_null,eqpac,constant,untrained,none,untrained-null,50,0,active,alpfe,boundary-diagnostic-only,arithmetic,0.3,0,0,,0.5390467545674305,0.5390467545674305,0.03846057318150997,reported,,False,1
2026-08-09,320993,320994,eq_null,eqpac,constant,untrained,none,untrained-null,50,0,active,alpfe,boundary-diagnostic-only,arithmetic,0.4,10,10,,0.5390467545674305,0.5390467545674305,0.03846057318150997,reported,,False,1
2026-08-09,320993,320994,eq_null,eqpac,constant,untrained,none,untrained-null,50,0,active,alpfe,boundary-diagnostic-only,geometric,0.1,0,0,,0.5385176992045373,0.5385176992045373,0.03846057318150997,reported,,False,1
2026-08-09,320993,320994,eq_null,eqpac,constant,untrained,none,untrained-null,50,0,active,alpfe,boundary-diagnostic-only,geometric,0.2,0,0,,0.5385176992045373,0.5385176992045373,0.03846057318150997,reported,,False,1
2026-08-09,320993,320994,eq_null,eqpac,constant,untrained,none,untrained-null,50,0,active,alpfe,boundary-diagnostic-only,geometric,0.3,0,0,,0.5385176992045373,0.5385176992045373,0.03846057318150997,reported,,False,1
2026-08-09,320993,320994,eq_null,eqpac,constant,untrained,none,untrained-null,50,0,active,alpfe,boundary-diagnostic-only,geometric,0.4,10,10,,0.5385176992045373,0.5385176992045373,0.03846057318150997,reported,,False,1
2026-08-09,320993,320994,eq_null,eqpac,constant,untrained,none,untrained-null,50,0,active,alpfe,boundary-diagnostic-only,median,0.1,0,0,,0.5411199889665496,0.5411199889665496,0.03846057318150997,reported,,False,1
2026-08-09,320993,320994,eq_null,eqpac,constant,untrained,none,untrained-null,50,0,active,alpfe,boundary-diagnostic-only,median,0.2,0,0,,0.5411199889665496,0.5411199889665496,0.03846057318150997,reported,,False,1
2026-08-09,320993,320994,eq_null,eqpac,constant,untrained,none,untrained-null,50,0,active,alpfe,boundary-diagnostic-only,median,0.3,0,0,,0.5411199889665496,0.5411199889665496,0.03846057318150997,reported,,False,1
2026-08-09,320993,320994,eq_null,eqpac,constant,untrained,none,untrained-null,50,0,active,alpfe,boundary-diagnostic-only,median,0.4,11,11,,0.5411199889665496,0.5411199889665496,0.03846057318150997,reported,,False,1
2026-08-09,320993,320994,eq_null,eqpac,constant,untrained,none,untrained-null,50,0,active,scav_rat,primary-inferential-target,arithmetic,0.1,0,0,,2.456959886060755,2.456959886060755,0.04449199698865414,reported,,False,1
2026-08-09,320993,320994,eq_null,eqpac,constant,untrained,none,untrained-null,50,0,active,scav_rat,primary-inferential-target,arithmetic,0.2,0,0,,2.456959886060755,2.456959886060755,0.04449199698865414,reported,,False,1
2026-08-09,320993,320994,eq_null,eqpac,constant,untrained,none,untrained-null,50,0,active,scav_rat,primary-inferential-target,arithmetic,0.3,0,0,,2.456959886060755,2.456959886060755,0.04449199698865414,reported,,False,1
2026-08-09,320993,320994,eq_null,eqpac,constant,untrained,none,untrained-null,50,0,active,scav_rat,primary-inferential-target,arithmetic,0.4,0,0,,2.456959886060755,2.456959886060755,0.04449199698865414,reported,,False,1
2026-08-09,320993,320994,eq_null,eqpac,constant,untrained,none,untrained-null,50,0,active,scav_rat,primary-inferential-target,geometric,0.1,0,0,,2.454067534249561,2.454067534249561,0.04449199698865414,reported,,False,1
2026-08-09,320993,320994,eq_null,eqpac,constant,untrained,none,untrained-null,50,0,active,scav_rat,primary-inferential-target,geometric,0.2,0,0,,2.454067534249561,2.454067534249561,0.04449199698865414,reported,,False,1
2026-08-09,320993,320994,eq_null,eqpac,constant,untrained,none,untrained-null,50,0,active,scav_rat,primary-inferential-target,geometric,0.3,0,0,,2.454067534249561,2.454067534249561,0.04449199698865414,reported,,False,1
2026-08-09,320993,320994,eq_null,eqpac,constant,untrained,none,untrained-null,50,0,active,scav_rat,primary-inferential-target,geometric,0.4,0,0,,2.454067534249561,2.454067534249561,0.04449199698865414,reported,,False,1
2026-08-09,320993,320994,eq_null,eqpac,constant,untrained,none,untrained-null,50,0,active,scav_rat,primary-inferential-target,median,0.1,0,0,,2.4252911952101135,2.4252911952101135,0.04449199698865414,reported,,False,1
2026-08-09,320993,320994,eq_null,eqpac,constant,untrained,none,untrained-null,50,0,active,scav_rat,primary-inferential-target,median,0.2,0,0,,2.4252911952101135,2.4252911952101135,0.04449199698865414,reported,,False,1
2026-08-09,320993,320994,eq_null,eqpac,constant,untrained,none,untrained-null,50,0,active,scav_rat,primary-inferential-target,median,0.3,0,0,,2.4252911952101135,2.4252911952101135,0.04449199698865414,reported,,False,1
2026-08-09,320993,320994,eq_null,eqpac,constant,untrained,none,untrained-null,50,0,active,scav_rat,primary-inferential-target,median,0.4,0,0,,2.4252911952101135,2.4252911952101135,0.04449199698865414,reported,,False,1
2026-08-09,320993,320994,eq_null,eqpac,constant,untrained,none,untrained-null,50,0,active,Smallgrow,excluded-by-construction,arithmetic,0.1,,,,,,,excluded,No time-mean observable independently identifies this parameter.,False,1
2026-08-09,320993,320994,eq_null,eqpac,constant,untrained,none,untrained-null,50,0,active,Smallgrow,excluded-by-construction,arithmetic,0.2,,,,,,,excluded,No time-mean observable independently identifies this parameter.,False,1
2026-08-09,320993,320994,eq_null,eqpac,constant,untrained,none,untrained-null,50,0,active,Smallgrow,excluded-by-construction,arithmetic,0.3,,,,,,,excluded,No time-mean observable independently identifies this parameter.,False,1
2026-08-09,320993,320994,eq_null,eqpac,constant,untrained,none,untrained-null,50,0,active,Smallgrow,excluded-by-construction,arithmetic,0.4,,,,,,,excluded,No time-mean observable independently identifies this parameter.,False,1
2026-08-09,320993,320994,eq_null,eqpac,constant,untrained,none,untrained-null,50,0,active,Smallgrow,excluded-by-construction,geometric,0.1,,,,,,,excluded,No time-mean observable independently identifies this parameter.,False,1
2026-08-09,320993,320994,eq_null,eqpac,constant,untrained,none,untrained-null,50,0,active,Smallgrow,excluded-by-construction,geometric,0.2,,,,,,,excluded,No time-mean observable independently identifies this parameter.,False,1
2026-08-09,320993,320994,eq_null,eqpac,constant,untrained,none,untrained-null,50,0,active,Smallgrow,excluded-by-construction,geometric,0.3,,,,,,,excluded,No time-mean observable independently identifies this parameter.,False,1
2026-08-09,320993,320994,eq_null,eqpac,constant,untrained,none,untrained-null,50,0,active,Smallgrow,excluded-by-construction,geometric,0.4,,,,,,,excluded,No time-mean observable independently identifies this parameter.,False,1
2026-08-09,320993,320994,eq_null,eqpac,constant,untrained,none,untrained-null,50,0,active,Smallgrow,excluded-by-construction,median,0.1,,,,,,,excluded,No time-mean observable independently identifies this parameter.,False,1
2026-08-09,320993,320994,eq_null,eqpac,constant,untrained,none,untrained-null,50,0,active,Smallgrow,excluded-by-construction,median,0.2,,,,,,,excluded,No time-mean observable independently identifies this parameter.,False,1
2026-08-09,320993,320994,eq_null,eqpac,constant,untrained,none,untrained-null,50,0,active,Smallgrow,excluded-by-construction,median,0.3,,,,,,,excluded,No time-mean observable independently identifies this parameter.,False,1
2026-08-09,320993,320994,eq_null,eqpac,constant,untrained,none,untrained-null,50,0,active,Smallgrow,excluded-by-construction,median,0.4,,,,,,,excluded,No time-mean observable independently identifies this parameter.,False,1
2026-08-09,320993,320994,eq_null,eqpac,constant,untrained,none,untrained-null,50,0,active,Biggrow,excluded-by-construction,arithmetic,0.1,,,,,,,excluded,Unobservable by the staged target construction.,False,1
2026-08-09,320993,320994,eq_null,eqpac,constant,untrained,none,untrained-null,50,0,active,Biggrow,excluded-by-construction,arithmetic,0.2,,,,,,,excluded,Unobservable by the staged target construction.,False,1
2026-08-09,320993,320994,eq_null,eqpac,constant,untrained,none,untrained-null,50,0,active,Biggrow,excluded-by-construction,arithmetic,0.3,,,,,,,excluded,Unobservable by the staged target construction.,False,1
2026-08-09,320993,320994,eq_null,eqpac,constant,untrained,none,untrained-null,50,0,active,Biggrow,excluded-by-construction,arithmetic,0.4,,,,,,,excluded,Unobservable by the staged target construction.,False,1
2026-08-09,320993,320994,eq_null,eqpac,constant,untrained,none,untrained-null,50,0,active,Biggrow,excluded-by-construction,geometric,0.1,,,,,,,excluded,Unobservable by the staged target construction.,False,1
2026-08-09,320993,320994,eq_null,eqpac,constant,untrained,none,untrained-null,50,0,active,Biggrow,excluded-by-construction,geometric,0.2,,,,,,,excluded,Unobservable by the staged target construction.,False,1
2026-08-09,320993,320994,eq_null,eqpac,constant,untrained,none,untrained-null,50,0,active,Biggrow,excluded-by-construction,geometric,0.3,,,,,,,excluded,Unobservable by the staged target construction.,False,1
2026-08-09,320993,320994,eq_null,eqpac,constant,untrained,none,untrained-null,50,0,active,Biggrow,excluded-by-construction,geometric,0.4,,,,,,,excluded,Unobservable by the staged target construction.,False,1
2026-08-09,320993,320994,eq_null,eqpac,constant,untrained,none,untrained-null,50,0,active,Biggrow,excluded-by-construction,median,0.1,,,,,,,excluded,Unobservable by the staged target construction.,False,1
2026-08-09,320993,320994,eq_null,eqpac,constant,untrained,none,untrained-null,50,0,active,Biggrow,excluded-by-construction,median,0.2,,,,,,,excluded,Unobservable by the staged target construction.,False,1
2026-08-09,320993,320994,eq_null,eqpac,constant,untrained,none,untrained-null,50,0,active,Biggrow,excluded-by-construction,median,0.3,,,,,,,excluded,Unobservable by the staged target construction.,False,1
2026-08-09,320993,320994,eq_null,eqpac,constant,untrained,none,untrained-null,50,0,active,Biggrow,excluded-by-construction,median,0.4,,,,,,,excluded,Unobservable by the staged target construction.,False,1
2026-08-09,320993,320994,eq_null,eqpac,constant,untrained,none,untrained-null,50,0,active,diatomgraz,excluded-from-loss-decision,arithmetic,0.1,,,,,,,excluded,Long-target Chl1 pathology makes this parameter non-gradeable here.,False,1
2026-08-09,320993,320994,eq_null,eqpac,constant,untrained,none,untrained-null,50,0,active,diatomgraz,excluded-from-loss-decision,arithmetic,0.2,,,,,,,excluded,Long-target Chl1 pathology makes this parameter non-gradeable here.,False,1
2026-08-09,320993,320994,eq_null,eqpac,constant,untrained,none,untrained-null,50,0,active,diatomgraz,excluded-from-loss-decision,arithmetic,0.3,,,,,,,excluded,Long-target Chl1 pathology makes this parameter non-gradeable here.,False,1
2026-08-09,320993,320994,eq_null,eqpac,constant,untrained,none,untrained-null,50,0,active,diatomgraz,excluded-from-loss-decision,arithmetic,0.4,,,,,,,excluded,Long-target Chl1 pathology makes this parameter non-gradeable here.,False,1
2026-08-09,320993,320994,eq_null,eqpac,constant,untrained,none,untrained-null,50,0,active,diatomgraz,excluded-from-loss-decision,geometric,0.1,,,,,,,excluded,Long-target Chl1 pathology makes this parameter non-gradeable here.,False,1
2026-08-09,320993,320994,eq_null,eqpac,constant,untrained,none,untrained-null,50,0,active,diatomgraz,excluded-from-loss-decision,geometric,0.2,,,,,,,excluded,Long-target Chl1 pathology makes this parameter non-gradeable here.,False,1
2026-08-09,320993,320994,eq_null,eqpac,constant,untrained,none,untrained-null,50,0,active,diatomgraz,excluded-from-loss-decision,geometric,0.3,,,,,,,excluded,Long-target Chl1 pathology makes this parameter non-gradeable here.,False,1
2026-08-09,320993,320994,eq_null,eqpac,constant,untrained,none,untrained-null,50,0,active,diatomgraz,excluded-from-loss-decision,geometric,0.4,,,,,,,excluded,Long-target Chl1 pathology makes this parameter non-gradeable here.,False,1
2026-08-09,320993,320994,eq_null,eqpac,constant,untrained,none,untrained-null,50,0,active,diatomgraz,excluded-from-loss-decision,median,0.1,,,,,,,excluded,Long-target Chl1 pathology makes this parameter non-gradeable here.,False,1
2026-08-09,320993,320994,eq_null,eqpac,constant,untrained,none,untrained-null,50,0,active,diatomgraz,excluded-from-loss-decision,median,0.2,,,,,,,excluded,Long-target Chl1 pathology makes this parameter non-gradeable here.,False,1
2026-08-09,320993,320994,eq_null,eqpac,constant,untrained,none,untrained-null,50,0,active,diatomgraz,excluded-from-loss-decision,median,0.3,,,,,,,excluded,Long-target Chl1 pathology makes this parameter non-gradeable here.,False,1
2026-08-09,320993,320994,eq_null,eqpac,constant,untrained,none,untrained-null,50,0,active,diatomgraz,excluded-from-loss-decision,median,0.4,,,,,,,excluded,Long-target Chl1 pathology makes this parameter non-gradeable here.,False,1
2026-08-09,320993,320994,eq_null,eqpac,constant,untrained,none,untrained-null,50,0,active,R_PICPOC,twin-anchor-machinery-check,arithmetic,0.1,0,0,,17.908429818645494,17.908429818645494,0.03926141746342182,reported,,False,1
2026-08-09,320993,320994,eq_null,eqpac,constant,untrained,none,untrained-null,50,0,active,R_PICPOC,twin-anchor-machinery-check,arithmetic,0.2,0,0,,17.908429818645494,17.908429818645494,0.03926141746342182,reported,,False,1
2026-08-09,320993,320994,eq_null,eqpac,constant,untrained,none,untrained-null,50,0,active,R_PICPOC,twin-anchor-machinery-check,arithmetic,0.3,0,0,,17.908429818645494,17.908429818645494,0.03926141746342182,reported,,False,1
2026-08-09,320993,320994,eq_null,eqpac,constant,untrained,none,untrained-null,50,0,active,R_PICPOC,twin-anchor-machinery-check,arithmetic,0.4,0,0,,17.908429818645494,17.908429818645494,0.03926141746342182,reported,,False,1
2026-08-09,320993,320994,eq_null,eqpac,constant,untrained,none,untrained-null,50,0,active,R_PICPOC,twin-anchor-machinery-check,geometric,0.1,0,0,,17.866142113025045,17.866142113025045,0.03926141746342182,reported,,False,1
2026-08-09,320993,320994,eq_null,eqpac,constant,untrained,none,untrained-null,50,0,active,R_PICPOC,twin-anchor-machinery-check,geometric,0.2,0,0,,17.866142113025045,17.866142113025045,0.03926141746342182,reported,,False,1
2026-08-09,320993,320994,eq_null,eqpac,constant,untrained,none,untrained-null,50,0,active,R_PICPOC,twin-anchor-machinery-check,geometric,0.3,0,0,,17.866142113025045,17.866142113025045,0.03926141746342182,reported,,False,1
2026-08-09,320993,320994,eq_null,eqpac,constant,untrained,none,untrained-null,50,0,active,R_PICPOC,twin-anchor-machinery-check,geometric,0.4,0,0,,17.866142113025045,17.866142113025045,0.03926141746342182,reported,,False,1
2026-08-09,320993,320994,eq_null,eqpac,constant,untrained,none,untrained-null,50,0,active,R_PICPOC,twin-anchor-machinery-check,median,0.1,0,0,,17.87447061605947,17.87447061605947,0.03926141746342182,reported,,False,1
2026-08-09,320993,320994,eq_null,eqpac,constant,untrained,none,untrained-null,50,0,active,R_PICPOC,twin-anchor-machinery-check,median,0.2,0,0,,17.87447061605947,17.87447061605947,0.03926141746342182,reported,,False,1
2026-08-09,320993,320994,eq_null,eqpac,constant,untrained,none,untrained-null,50,0,active,R_PICPOC,twin-anchor-machinery-check,median,0.3,0,0,,17.87447061605947,17.87447061605947,0.03926141746342182,reported,,False,1
2026-08-09,320993,320994,eq_null,eqpac,constant,untrained,none,untrained-null,50,0,active,R_PICPOC,twin-anchor-machinery-check,median,0.4,0,0,,17.87447061605947,17.87447061605947,0.03926141746342182,reported,,False,1
2026-08-09,320993,320994,na_ee,natlsubpolar,constant,end,endpoint,matched-control,50,0,active,alpfe,boundary-diagnostic-only,arithmetic,0.1,50,0,8.082812774647626e-62,0.9808981462403472,0.5395803526248139,0.0017598639242351055,reported,,False,1
2026-08-09,320993,320994,na_ee,natlsubpolar,constant,end,endpoint,matched-control,50,0,active,alpfe,boundary-diagnostic-only,arithmetic,0.2,50,0,8.082812774647626e-62,0.9808981462403472,0.5395803526248139,0.0017598639242351055,reported,,False,1
2026-08-09,320993,320994,na_ee,natlsubpolar,constant,end,endpoint,matched-control,50,0,active,alpfe,boundary-diagnostic-only,arithmetic,0.3,50,0,8.082812774647626e-62,0.9808981462403472,0.5395803526248139,0.0017598639242351055,reported,,False,1
2026-08-09,320993,320994,na_ee,natlsubpolar,constant,end,endpoint,matched-control,50,0,active,alpfe,boundary-diagnostic-only,arithmetic,0.4,50,10,1.1258999068426271e-35,0.9808981462403472,0.5395803526248139,0.0017598639242351055,reported,,False,1
2026-08-09,320993,320994,na_ee,natlsubpolar,constant,end,endpoint,matched-control,50,0,active,alpfe,boundary-diagnostic-only,geometric,0.1,50,0,8.082812774647626e-62,0.9808974399556916,0.5391131132212186,0.0017598639242351055,reported,,False,1
2026-08-09,320993,320994,na_ee,natlsubpolar,constant,end,endpoint,matched-control,50,0,active,alpfe,boundary-diagnostic-only,geometric,0.2,50,0,8.082812774647626e-62,0.9808974399556916,0.5391131132212186,0.0017598639242351055,reported,,False,1
2026-08-09,320993,320994,na_ee,natlsubpolar,constant,end,endpoint,matched-control,50,0,active,alpfe,boundary-diagnostic-only,geometric,0.3,50,0,8.082812774647626e-62,0.9808974399556916,0.5391131132212186,0.0017598639242351055,reported,,False,1
2026-08-09,320993,320994,na_ee,natlsubpolar,constant,end,endpoint,matched-control,50,0,active,alpfe,boundary-diagnostic-only,geometric,0.4,50,10,1.1258999068426271e-35,0.9808974399556916,0.5391131132212186,0.0017598639242351055,reported,,False,1
2026-08-09,320993,320994,na_ee,natlsubpolar,constant,end,endpoint,matched-control,50,0,active,alpfe,boundary-diagnostic-only,median,0.1,50,0,8.082812774647626e-62,0.9807089261603149,0.540795772205734,0.0017598639242351055,reported,,False,1
2026-08-09,320993,320994,na_ee,natlsubpolar,constant,end,endpoint,matched-control,50,0,active,alpfe,boundary-diagnostic-only,median,0.2,50,0,8.082812774647626e-62,0.9807089261603149,0.540795772205734,0.0017598639242351055,reported,,False,1
2026-08-09,320993,320994,na_ee,natlsubpolar,constant,end,endpoint,matched-control,50,0,active,alpfe,boundary-diagnostic-only,median,0.3,50,0,8.082812774647626e-62,0.9807089261603149,0.540795772205734,0.0017598639242351055,reported,,False,1
2026-08-09,320993,320994,na_ee,natlsubpolar,constant,end,endpoint,matched-control,50,0,active,alpfe,boundary-diagnostic-only,median,0.4,50,11,1.3217035032142518e-33,0.9807089261603149,0.540795772205734,0.0017598639242351055,reported,,False,1
2026-08-09,320993,320994,na_ee,natlsubpolar,constant,end,endpoint,matched-control,50,0,active,scav_rat,primary-inferential-target,arithmetic,0.1,22,0,2.2385976097496637e-14,1.1050444872333005,2.458154866914739,0.011825228575617075,reported,,False,1
2026-08-09,320993,320994,na_ee,natlsubpolar,constant,end,endpoint,matched-control,50,0,active,scav_rat,primary-inferential-target,arithmetic,0.2,50,0,8.082812774647626e-62,1.1050444872333005,2.458154866914739,0.011825228575617075,reported,,False,1
2026-08-09,320993,320994,na_ee,natlsubpolar,constant,end,endpoint,matched-control,50,0,active,scav_rat,primary-inferential-target,arithmetic,0.3,50,0,8.082812774647626e-62,1.1050444872333005,2.458154866914739,0.011825228575617075,reported,,False,1
2026-08-09,320993,320994,na_ee,natlsubpolar,constant,end,endpoint,matched-control,50,0,active,scav_rat,primary-inferential-target,arithmetic,0.4,50,0,8.082812774647626e-62,1.1050444872333005,2.458154866914739,0.011825228575617075,reported,,False,1
2026-08-09,320993,320994,na_ee,natlsubpolar,constant,end,endpoint,matched-control,50,0,active,scav_rat,primary-inferential-target,geometric,0.1,22,0,2.2385976097496637e-14,1.104977171676746,2.45751039239922,0.011825228575617075,reported,,False,1
2026-08-09,320993,320994,na_ee,natlsubpolar,constant,end,endpoint,matched-control,50,0,active,scav_rat,primary-inferential-target,geometric,0.2,50,0,8.082812774647626e-62,1.104977171676746,2.45751039239922,0.011825228575617075,reported,,False,1
2026-08-09,320993,320994,na_ee,natlsubpolar,constant,end,endpoint,matched-control,50,0,active,scav_rat,primary-inferential-target,geometric,0.3,50,0,8.082812774647626e-62,1.104977171676746,2.45751039239922,0.011825228575617075,reported,,False,1
2026-08-09,320993,320994,na_ee,natlsubpolar,constant,end,endpoint,matched-control,50,0,active,scav_rat,primary-inferential-target,geometric,0.4,50,0,8.082812774647626e-62,1.104977171676746,2.45751039239922,0.011825228575617075,reported,,False,1
2026-08-09,320993,320994,na_ee,natlsubpolar,constant,end,endpoint,matched-control,50,0,active,scav_rat,primary-inferential-target,median,0.1,24,0,1.2341633185355162e-16,1.1012936851781145,2.4572204684955175,0.011825228575617075,reported,,False,1
2026-08-09,320993,320994,na_ee,natlsubpolar,constant,end,endpoint,matched-control,50,0,active,scav_rat,primary-inferential-target,median,0.2,50,0,8.082812774647626e-62,1.1012936851781145,2.4572204684955175,0.011825228575617075,reported,,False,1
2026-08-09,320993,320994,na_ee,natlsubpolar,constant,end,endpoint,matched-control,50,0,active,scav_rat,primary-inferential-target,median,0.3,50,0,8.082812774647626e-62,1.1012936851781145,2.4572204684955175,0.011825228575617075,reported,,False,1
2026-08-09,320993,320994,na_ee,natlsubpolar,constant,end,endpoint,matched-control,50,0,active,scav_rat,primary-inferential-target,median,0.4,50,0,8.082812774647626e-62,1.1012936851781145,2.4572204684955175,0.011825228575617075,reported,,False,1
2026-08-09,320993,320994,na_ee,natlsubpolar,constant,end,endpoint,matched-control,50,0,active,Smallgrow,excluded-by-construction,arithmetic,0.1,,,,,,,excluded,No time-mean observable independently identifies this parameter.,False,1
2026-08-09,320993,320994,na_ee,natlsubpolar,constant,end,endpoint,matched-control,50,0,active,Smallgrow,excluded-by-construction,arithmetic,0.2,,,,,,,excluded,No time-mean observable independently identifies this parameter.,False,1
2026-08-09,320993,320994,na_ee,natlsubpolar,constant,end,endpoint,matched-control,50,0,active,Smallgrow,excluded-by-construction,arithmetic,0.3,,,,,,,excluded,No time-mean observable independently identifies this parameter.,False,1
2026-08-09,320993,320994,na_ee,natlsubpolar,constant,end,endpoint,matched-control,50,0,active,Smallgrow,excluded-by-construction,arithmetic,0.4,,,,,,,excluded,No time-mean observable independently identifies this parameter.,False,1
2026-08-09,320993,320994,na_ee,natlsubpolar,constant,end,endpoint,matched-control,50,0,active,Smallgrow,excluded-by-construction,geometric,0.1,,,,,,,excluded,No time-mean observable independently identifies this parameter.,False,1
2026-08-09,320993,320994,na_ee,natlsubpolar,constant,end,endpoint,matched-control,50,0,active,Smallgrow,excluded-by-construction,geometric,0.2,,,,,,,excluded,No time-mean observable independently identifies this parameter.,False,1
2026-08-09,320993,320994,na_ee,natlsubpolar,constant,end,endpoint,matched-control,50,0,active,Smallgrow,excluded-by-construction,geometric,0.3,,,,,,,excluded,No time-mean observable independently identifies this parameter.,False,1
2026-08-09,320993,320994,na_ee,natlsubpolar,constant,end,endpoint,matched-control,50,0,active,Smallgrow,excluded-by-construction,geometric,0.4,,,,,,,excluded,No time-mean observable independently identifies this parameter.,False,1
2026-08-09,320993,320994,na_ee,natlsubpolar,constant,end,endpoint,matched-control,50,0,active,Smallgrow,excluded-by-construction,median,0.1,,,,,,,excluded,No time-mean observable independently identifies this parameter.,False,1
2026-08-09,320993,320994,na_ee,natlsubpolar,constant,end,endpoint,matched-control,50,0,active,Smallgrow,excluded-by-construction,median,0.2,,,,,,,excluded,No time-mean observable independently identifies this parameter.,False,1
2026-08-09,320993,320994,na_ee,natlsubpolar,constant,end,endpoint,matched-control,50,0,active,Smallgrow,excluded-by-construction,median,0.3,,,,,,,excluded,No time-mean observable independently identifies this parameter.,False,1
2026-08-09,320993,320994,na_ee,natlsubpolar,constant,end,endpoint,matched-control,50,0,active,Smallgrow,excluded-by-construction,median,0.4,,,,,,,excluded,No time-mean observable independently identifies this parameter.,False,1
2026-08-09,320993,320994,na_ee,natlsubpolar,constant,end,endpoint,matched-control,50,0,active,Biggrow,excluded-by-construction,arithmetic,0.1,,,,,,,excluded,Unobservable by the staged target construction.,False,1
2026-08-09,320993,320994,na_ee,natlsubpolar,constant,end,endpoint,matched-control,50,0,active,Biggrow,excluded-by-construction,arithmetic,0.2,,,,,,,excluded,Unobservable by the staged target construction.,False,1
2026-08-09,320993,320994,na_ee,natlsubpolar,constant,end,endpoint,matched-control,50,0,active,Biggrow,excluded-by-construction,arithmetic,0.3,,,,,,,excluded,Unobservable by the staged target construction.,False,1
2026-08-09,320993,320994,na_ee,natlsubpolar,constant,end,endpoint,matched-control,50,0,active,Biggrow,excluded-by-construction,arithmetic,0.4,,,,,,,excluded,Unobservable by the staged target construction.,False,1
2026-08-09,320993,320994,na_ee,natlsubpolar,constant,end,endpoint,matched-control,50,0,active,Biggrow,excluded-by-construction,geometric,0.1,,,,,,,excluded,Unobservable by the staged target construction.,False,1
2026-08-09,320993,320994,na_ee,natlsubpolar,constant,end,endpoint,matched-control,50,0,active,Biggrow,excluded-by-construction,geometric,0.2,,,,,,,excluded,Unobservable by the staged target construction.,False,1
2026-08-09,320993,320994,na_ee,natlsubpolar,constant,end,endpoint,matched-control,50,0,active,Biggrow,excluded-by-construction,geometric,0.3,,,,,,,excluded,Unobservable by the staged target construction.,False,1
2026-08-09,320993,320994,na_ee,natlsubpolar,constant,end,endpoint,matched-control,50,0,active,Biggrow,excluded-by-construction,geometric,0.4,,,,,,,excluded,Unobservable by the staged target construction.,False,1
2026-08-09,320993,320994,na_ee,natlsubpolar,constant,end,endpoint,matched-control,50,0,active,Biggrow,excluded-by-construction,median,0.1,,,,,,,excluded,Unobservable by the staged target construction.,False,1
2026-08-09,320993,320994,na_ee,natlsubpolar,constant,end,endpoint,matched-control,50,0,active,Biggrow,excluded-by-construction,median,0.2,,,,,,,excluded,Unobservable by the staged target construction.,False,1
2026-08-09,320993,320994,na_ee,natlsubpolar,constant,end,endpoint,matched-control,50,0,active,Biggrow,excluded-by-construction,median,0.3,,,,,,,excluded,Unobservable by the staged target construction.,False,1
2026-08-09,320993,320994,na_ee,natlsubpolar,constant,end,endpoint,matched-control,50,0,active,Biggrow,excluded-by-construction,median,0.4,,,,,,,excluded,Unobservable by the staged target construction.,False,1
2026-08-09,320993,320994,na_ee,natlsubpolar,constant,end,endpoint,matched-control,50,0,active,diatomgraz,excluded-from-loss-decision,arithmetic,0.1,,,,,,,excluded,Long-target Chl1 pathology makes this parameter non-gradeable here.,False,1
2026-08-09,320993,320994,na_ee,natlsubpolar,constant,end,endpoint,matched-control,50,0,active,diatomgraz,excluded-from-loss-decision,arithmetic,0.2,,,,,,,excluded,Long-target Chl1 pathology makes this parameter non-gradeable here.,False,1
2026-08-09,320993,320994,na_ee,natlsubpolar,constant,end,endpoint,matched-control,50,0,active,diatomgraz,excluded-from-loss-decision,arithmetic,0.3,,,,,,,excluded,Long-target Chl1 pathology makes this parameter non-gradeable here.,False,1
2026-08-09,320993,320994,na_ee,natlsubpolar,constant,end,endpoint,matched-control,50,0,active,diatomgraz,excluded-from-loss-decision,arithmetic,0.4,,,,,,,excluded,Long-target Chl1 pathology makes this parameter non-gradeable here.,False,1
2026-08-09,320993,320994,na_ee,natlsubpolar,constant,end,endpoint,matched-control,50,0,active,diatomgraz,excluded-from-loss-decision,geometric,0.1,,,,,,,excluded,Long-target Chl1 pathology makes this parameter non-gradeable here.,False,1
2026-08-09,320993,320994,na_ee,natlsubpolar,constant,end,endpoint,matched-control,50,0,active,diatomgraz,excluded-from-loss-decision,geometric,0.2,,,,,,,excluded,Long-target Chl1 pathology makes this parameter non-gradeable here.,False,1
2026-08-09,320993,320994,na_ee,natlsubpolar,constant,end,endpoint,matched-control,50,0,active,diatomgraz,excluded-from-loss-decision,geometric,0.3,,,,,,,excluded,Long-target Chl1 pathology makes this parameter non-gradeable here.,False,1
2026-08-09,320993,320994,na_ee,natlsubpolar,constant,end,endpoint,matched-control,50,0,active,diatomgraz,excluded-from-loss-decision,geometric,0.4,,,,,,,excluded,Long-target Chl1 pathology makes this parameter non-gradeable here.,False,1
2026-08-09,320993,320994,na_ee,natlsubpolar,constant,end,endpoint,matched-control,50,0,active,diatomgraz,excluded-from-loss-decision,median,0.1,,,,,,,excluded,Long-target Chl1 pathology makes this parameter non-gradeable here.,False,1
2026-08-09,320993,320994,na_ee,natlsubpolar,constant,end,endpoint,matched-control,50,0,active,diatomgraz,excluded-from-loss-decision,median,0.2,,,,,,,excluded,Long-target Chl1 pathology makes this parameter non-gradeable here.,False,1
2026-08-09,320993,320994,na_ee,natlsubpolar,constant,end,endpoint,matched-control,50,0,active,diatomgraz,excluded-from-loss-decision,median,0.3,,,,,,,excluded,Long-target Chl1 pathology makes this parameter non-gradeable here.,False,1
2026-08-09,320993,320994,na_ee,natlsubpolar,constant,end,endpoint,matched-control,50,0,active,diatomgraz,excluded-from-loss-decision,median,0.4,,,,,,,excluded,Long-target Chl1 pathology makes this parameter non-gradeable here.,False,1
2026-08-09,320993,320994,na_ee,natlsubpolar,constant,end,endpoint,matched-control,50,0,active,R_PICPOC,twin-anchor-machinery-check,arithmetic,0.1,50,0,8.082812774647626e-62,1.0109027269212998,17.92200760240051,0.025523144751787186,reported,,False,1
2026-08-09,320993,320994,na_ee,natlsubpolar,constant,end,endpoint,matched-control,50,0,active,R_PICPOC,twin-anchor-machinery-check,arithmetic,0.2,50,0,8.082812774647626e-62,1.0109027269212998,17.92200760240051,0.025523144751787186,reported,,False,1
2026-08-09,320993,320994,na_ee,natlsubpolar,constant,end,endpoint,matched-control,50,0,active,R_PICPOC,twin-anchor-machinery-check,arithmetic,0.3,50,0,8.082812774647626e-62,1.0109027269212998,17.92200760240051,0.025523144751787186,reported,,False,1
2026-08-09,320993,320994,na_ee,natlsubpolar,constant,end,endpoint,matched-control,50,0,active,R_PICPOC,twin-anchor-machinery-check,arithmetic,0.4,50,0,8.082812774647626e-62,1.0109027269212998,17.92200760240051,0.025523144751787186,reported,,False,1
2026-08-09,320993,320994,na_ee,natlsubpolar,constant,end,endpoint,matched-control,50,0,active,R_PICPOC,twin-anchor-machinery-check,geometric,0.1,50,0,8.082812774647626e-62,1.010469513829866,17.87695028163458,0.025523144751787186,reported,,False,1
2026-08-09,320993,320994,na_ee,natlsubpolar,constant,end,endpoint,matched-control,50,0,active,R_PICPOC,twin-anchor-machinery-check,geometric,0.2,50,0,8.082812774647626e-62,1.010469513829866,17.87695028163458,0.025523144751787186,reported,,False,1
2026-08-09,320993,320994,na_ee,natlsubpolar,constant,end,endpoint,matched-control,50,0,active,R_PICPOC,twin-anchor-machinery-check,geometric,0.3,50,0,8.082812774647626e-62,1.010469513829866,17.87695028163458,0.025523144751787186,reported,,False,1
2026-08-09,320993,320994,na_ee,natlsubpolar,constant,end,endpoint,matched-control,50,0,active,R_PICPOC,twin-anchor-machinery-check,geometric,0.4,50,0,8.082812774647626e-62,1.010469513829866,17.87695028163458,0.025523144751787186,reported,,False,1
2026-08-09,320993,320994,na_ee,natlsubpolar,constant,end,endpoint,matched-control,50,0,active,R_PICPOC,twin-anchor-machinery-check,median,0.1,50,0,8.082812774647626e-62,1.0018091571936498,17.795256814670534,0.025523144751787186,reported,,False,1
2026-08-09,320993,320994,na_ee,natlsubpolar,constant,end,endpoint,matched-control,50,0,active,R_PICPOC,twin-anchor-machinery-check,median,0.2,50,0,8.082812774647626e-62,1.0018091571936498,17.795256814670534,0.025523144751787186,reported,,False,1
2026-08-09,320993,320994,na_ee,natlsubpolar,constant,end,endpoint,matched-control,50,0,active,R_PICPOC,twin-anchor-machinery-check,median,0.3,50,0,8.082812774647626e-62,1.0018091571936498,17.795256814670534,0.025523144751787186,reported,,False,1
2026-08-09,320993,320994,na_ee,natlsubpolar,constant,end,endpoint,matched-control,50,0,active,R_PICPOC,twin-anchor-machinery-check,median,0.4,50,0,8.082812774647626e-62,1.0018091571936498,17.795256814670534,0.025523144751787186,reported,,False,1
2026-08-09,320993,320994,na_mm,natlsubpolar,constant,mean,time-mean,matched-control,50,0,active,alpfe,boundary-diagnostic-only,arithmetic,0.1,50,0,8.082812774647626e-62,0.9558071270157283,0.5395803526248139,0.002790452097542584,reported,,False,1
2026-08-09,320993,320994,na_mm,natlsubpolar,constant,mean,time-mean,matched-control,50,0,active,alpfe,boundary-diagnostic-only,arithmetic,0.2,50,0,8.082812774647626e-62,0.9558071270157283,0.5395803526248139,0.002790452097542584,reported,,False,1
2026-08-09,320993,320994,na_mm,natlsubpolar,constant,mean,time-mean,matched-control,50,0,active,alpfe,boundary-diagnostic-only,arithmetic,0.3,50,0,8.082812774647626e-62,0.9558071270157283,0.5395803526248139,0.002790452097542584,reported,,False,1
2026-08-09,320993,320994,na_mm,natlsubpolar,constant,mean,time-mean,matched-control,50,0,active,alpfe,boundary-diagnostic-only,arithmetic,0.4,50,10,1.1258999068426271e-35,0.9558071270157283,0.5395803526248139,0.002790452097542584,reported,,False,1
2026-08-09,320993,320994,na_mm,natlsubpolar,constant,mean,time-mean,matched-control,50,0,active,alpfe,boundary-diagnostic-only,geometric,0.1,50,0,8.082812774647626e-62,0.9558041734617136,0.5391131132212186,0.002790452097542584,reported,,False,1
2026-08-09,320993,320994,na_mm,natlsubpolar,constant,mean,time-mean,matched-control,50,0,active,alpfe,boundary-diagnostic-only,geometric,0.2,50,0,8.082812774647626e-62,0.9558041734617136,0.5391131132212186,0.002790452097542584,reported,,False,1
2026-08-09,320993,320994,na_mm,natlsubpolar,constant,mean,time-mean,matched-control,50,0,active,alpfe,boundary-diagnostic-only,geometric,0.3,50,0,8.082812774647626e-62,0.9558041734617136,0.5391131132212186,0.002790452097542584,reported,,False,1
2026-08-09,320993,320994,na_mm,natlsubpolar,constant,mean,time-mean,matched-control,50,0,active,alpfe,boundary-diagnostic-only,geometric,0.4,50,10,1.1258999068426271e-35,0.9558041734617136,0.5391131132212186,0.002790452097542584,reported,,False,1
2026-08-09,320993,320994,na_mm,natlsubpolar,constant,mean,time-mean,matched-control,50,0,active,alpfe,boundary-diagnostic-only,median,0.1,50,0,8.082812774647626e-62,0.9568533593177598,0.540795772205734,0.002790452097542584,reported,,False,1
2026-08-09,320993,320994,na_mm,natlsubpolar,constant,mean,time-mean,matched-control,50,0,active,alpfe,boundary-diagnostic-only,median,0.2,50,0,8.082812774647626e-62,0.9568533593177598,0.540795772205734,0.002790452097542584,reported,,False,1
2026-08-09,320993,320994,na_mm,natlsubpolar,constant,mean,time-mean,matched-control,50,0,active,alpfe,boundary-diagnostic-only,median,0.3,50,0,8.082812774647626e-62,0.9568533593177598,0.540795772205734,0.002790452097542584,reported,,False,1
2026-08-09,320993,320994,na_mm,natlsubpolar,constant,mean,time-mean,matched-control,50,0,active,alpfe,boundary-diagnostic-only,median,0.4,50,11,1.3217035032142518e-33,0.9568533593177598,0.540795772205734,0.002790452097542584,reported,,False,1
2026-08-09,320993,320994,na_mm,natlsubpolar,constant,mean,time-mean,matched-control,50,0,active,scav_rat,primary-inferential-target,arithmetic,0.1,47,0,6.116204709557624e-54,1.0656737079587932,2.458154866914739,0.017868039198219776,reported,,False,1
2026-08-09,320993,320994,na_mm,natlsubpolar,constant,mean,time-mean,matched-control,50,0,active,scav_rat,primary-inferential-target,arithmetic,0.2,50,0,8.082812774647626e-62,1.0656737079587932,2.458154866914739,0.017868039198219776,reported,,False,1
2026-08-09,320993,320994,na_mm,natlsubpolar,constant,mean,time-mean,matched-control,50,0,active,scav_rat,primary-inferential-target,arithmetic,0.3,50,0,8.082812774647626e-62,1.0656737079587932,2.458154866914739,0.017868039198219776,reported,,False,1
2026-08-09,320993,320994,na_mm,natlsubpolar,constant,mean,time-mean,matched-control,50,0,active,scav_rat,primary-inferential-target,arithmetic,0.4,50,0,8.082812774647626e-62,1.0656737079587932,2.458154866914739,0.017868039198219776,reported,,False,1
2026-08-09,320993,320994,na_mm,natlsubpolar,constant,mean,time-mean,matched-control,50,0,active,scav_rat,primary-inferential-target,geometric,0.1,47,0,6.116204709557624e-54,1.0655316235465004,2.45751039239922,0.017868039198219776,reported,,False,1
2026-08-09,320993,320994,na_mm,natlsubpolar,constant,mean,time-mean,matched-control,50,0,active,scav_rat,primary-inferential-target,geometric,0.2,50,0,8.082812774647626e-62,1.0655316235465004,2.45751039239922,0.017868039198219776,reported,,False,1
2026-08-09,320993,320994,na_mm,natlsubpolar,constant,mean,time-mean,matched-control,50,0,active,scav_rat,primary-inferential-target,geometric,0.3,50,0,8.082812774647626e-62,1.0655316235465004,2.45751039239922,0.017868039198219776,reported,,False,1
2026-08-09,320993,320994,na_mm,natlsubpolar,constant,mean,time-mean,matched-control,50,0,active,scav_rat,primary-inferential-target,geometric,0.4,50,0,8.082812774647626e-62,1.0655316235465004,2.45751039239922,0.017868039198219776,reported,,False,1
2026-08-09,320993,320994,na_mm,natlsubpolar,constant,mean,time-mean,matched-control,50,0,active,scav_rat,primary-inferential-target,median,0.1,48,0,2.436594445988009e-56,1.0606854695479424,2.4572204684955175,0.017868039198219776,reported,,False,1
2026-08-09,320993,320994,na_mm,natlsubpolar,constant,mean,time-mean,matched-control,50,0,active,scav_rat,primary-inferential-target,median,0.2,50,0,8.082812774647626e-62,1.0606854695479424,2.4572204684955175,0.017868039198219776,reported,,False,1
2026-08-09,320993,320994,na_mm,natlsubpolar,constant,mean,time-mean,matched-control,50,0,active,scav_rat,primary-inferential-target,median,0.3,50,0,8.082812774647626e-62,1.0606854695479424,2.4572204684955175,0.017868039198219776,reported,,False,1
2026-08-09,320993,320994,na_mm,natlsubpolar,constant,mean,time-mean,matched-control,50,0,active,scav_rat,primary-inferential-target,median,0.4,50,0,8.082812774647626e-62,1.0606854695479424,2.4572204684955175,0.017868039198219776,reported,,False,1
2026-08-09,320993,320994,na_mm,natlsubpolar,constant,mean,time-mean,matched-control,50,0,active,Smallgrow,excluded-by-construction,arithmetic,0.1,,,,,,,excluded,No time-mean observable independently identifies this parameter.,False,1
2026-08-09,320993,320994,na_mm,natlsubpolar,constant,mean,time-mean,matched-control,50,0,active,Smallgrow,excluded-by-construction,arithmetic,0.2,,,,,,,excluded,No time-mean observable independently identifies this parameter.,False,1
2026-08-09,320993,320994,na_mm,natlsubpolar,constant,mean,time-mean,matched-control,50,0,active,Smallgrow,excluded-by-construction,arithmetic,0.3,,,,,,,excluded,No time-mean observable independently identifies this parameter.,False,1
2026-08-09,320993,320994,na_mm,natlsubpolar,constant,mean,time-mean,matched-control,50,0,active,Smallgrow,excluded-by-construction,arithmetic,0.4,,,,,,,excluded,No time-mean observable independently identifies this parameter.,False,1
2026-08-09,320993,320994,na_mm,natlsubpolar,constant,mean,time-mean,matched-control,50,0,active,Smallgrow,excluded-by-construction,geometric,0.1,,,,,,,excluded,No time-mean observable independently identifies this parameter.,False,1
2026-08-09,320993,320994,na_mm,natlsubpolar,constant,mean,time-mean,matched-control,50,0,active,Smallgrow,excluded-by-construction,geometric,0.2,,,,,,,excluded,No time-mean observable independently identifies this parameter.,False,1
2026-08-09,320993,320994,na_mm,natlsubpolar,constant,mean,time-mean,matched-control,50,0,active,Smallgrow,excluded-by-construction,geometric,0.3,,,,,,,excluded,No time-mean observable independently identifies this parameter.,False,1
2026-08-09,320993,320994,na_mm,natlsubpolar,constant,mean,time-mean,matched-control,50,0,active,Smallgrow,excluded-by-construction,geometric,0.4,,,,,,,excluded,No time-mean observable independently identifies this parameter.,False,1
2026-08-09,320993,320994,na_mm,natlsubpolar,constant,mean,time-mean,matched-control,50,0,active,Smallgrow,excluded-by-construction,median,0.1,,,,,,,excluded,No time-mean observable independently identifies this parameter.,False,1
2026-08-09,320993,320994,na_mm,natlsubpolar,constant,mean,time-mean,matched-control,50,0,active,Smallgrow,excluded-by-construction,median,0.2,,,,,,,excluded,No time-mean observable independently identifies this parameter.,False,1
2026-08-09,320993,320994,na_mm,natlsubpolar,constant,mean,time-mean,matched-control,50,0,active,Smallgrow,excluded-by-construction,median,0.3,,,,,,,excluded,No time-mean observable independently identifies this parameter.,False,1
2026-08-09,320993,320994,na_mm,natlsubpolar,constant,mean,time-mean,matched-control,50,0,active,Smallgrow,excluded-by-construction,median,0.4,,,,,,,excluded,No time-mean observable independently identifies this parameter.,False,1
2026-08-09,320993,320994,na_mm,natlsubpolar,constant,mean,time-mean,matched-control,50,0,active,Biggrow,excluded-by-construction,arithmetic,0.1,,,,,,,excluded,Unobservable by the staged target construction.,False,1
2026-08-09,320993,320994,na_mm,natlsubpolar,constant,mean,time-mean,matched-control,50,0,active,Biggrow,excluded-by-construction,arithmetic,0.2,,,,,,,excluded,Unobservable by the staged target construction.,False,1
2026-08-09,320993,320994,na_mm,natlsubpolar,constant,mean,time-mean,matched-control,50,0,active,Biggrow,excluded-by-construction,arithmetic,0.3,,,,,,,excluded,Unobservable by the staged target construction.,False,1
2026-08-09,320993,320994,na_mm,natlsubpolar,constant,mean,time-mean,matched-control,50,0,active,Biggrow,excluded-by-construction,arithmetic,0.4,,,,,,,excluded,Unobservable by the staged target construction.,False,1
2026-08-09,320993,320994,na_mm,natlsubpolar,constant,mean,time-mean,matched-control,50,0,active,Biggrow,excluded-by-construction,geometric,0.1,,,,,,,excluded,Unobservable by the staged target construction.,False,1
2026-08-09,320993,320994,na_mm,natlsubpolar,constant,mean,time-mean,matched-control,50,0,active,Biggrow,excluded-by-construction,geometric,0.2,,,,,,,excluded,Unobservable by the staged target construction.,False,1
2026-08-09,320993,320994,na_mm,natlsubpolar,constant,mean,time-mean,matched-control,50,0,active,Biggrow,excluded-by-construction,geometric,0.3,,,,,,,excluded,Unobservable by the staged target construction.,False,1
2026-08-09,320993,320994,na_mm,natlsubpolar,constant,mean,time-mean,matched-control,50,0,active,Biggrow,excluded-by-construction,geometric,0.4,,,,,,,excluded,Unobservable by the staged target construction.,False,1
2026-08-09,320993,320994,na_mm,natlsubpolar,constant,mean,time-mean,matched-control,50,0,active,Biggrow,excluded-by-construction,median,0.1,,,,,,,excluded,Unobservable by the staged target construction.,False,1
2026-08-09,320993,320994,na_mm,natlsubpolar,constant,mean,time-mean,matched-control,50,0,active,Biggrow,excluded-by-construction,median,0.2,,,,,,,excluded,Unobservable by the staged target construction.,False,1
2026-08-09,320993,320994,na_mm,natlsubpolar,constant,mean,time-mean,matched-control,50,0,active,Biggrow,excluded-by-construction,median,0.3,,,,,,,excluded,Unobservable by the staged target construction.,False,1
2026-08-09,320993,320994,na_mm,natlsubpolar,constant,mean,time-mean,matched-control,50,0,active,Biggrow,excluded-by-construction,median,0.4,,,,,,,excluded,Unobservable by the staged target construction.,False,1
2026-08-09,320993,320994,na_mm,natlsubpolar,constant,mean,time-mean,matched-control,50,0,active,diatomgraz,excluded-from-loss-decision,arithmetic,0.1,,,,,,,excluded,Long-target Chl1 pathology makes this parameter non-gradeable here.,False,1
2026-08-09,320993,320994,na_mm,natlsubpolar,constant,mean,time-mean,matched-control,50,0,active,diatomgraz,excluded-from-loss-decision,arithmetic,0.2,,,,,,,excluded,Long-target Chl1 pathology makes this parameter non-gradeable here.,False,1
2026-08-09,320993,320994,na_mm,natlsubpolar,constant,mean,time-mean,matched-control,50,0,active,diatomgraz,excluded-from-loss-decision,arithmetic,0.3,,,,,,,excluded,Long-target Chl1 pathology makes this parameter non-gradeable here.,False,1
2026-08-09,320993,320994,na_mm,natlsubpolar,constant,mean,time-mean,matched-control,50,0,active,diatomgraz,excluded-from-loss-decision,arithmetic,0.4,,,,,,,excluded,Long-target Chl1 pathology makes this parameter non-gradeable here.,False,1
2026-08-09,320993,320994,na_mm,natlsubpolar,constant,mean,time-mean,matched-control,50,0,active,diatomgraz,excluded-from-loss-decision,geometric,0.1,,,,,,,excluded,Long-target Chl1 pathology makes this parameter non-gradeable here.,False,1
2026-08-09,320993,320994,na_mm,natlsubpolar,constant,mean,time-mean,matched-control,50,0,active,diatomgraz,excluded-from-loss-decision,geometric,0.2,,,,,,,excluded,Long-target Chl1 pathology makes this parameter non-gradeable here.,False,1
2026-08-09,320993,320994,na_mm,natlsubpolar,constant,mean,time-mean,matched-control,50,0,active,diatomgraz,excluded-from-loss-decision,geometric,0.3,,,,,,,excluded,Long-target Chl1 pathology makes this parameter non-gradeable here.,False,1
2026-08-09,320993,320994,na_mm,natlsubpolar,constant,mean,time-mean,matched-control,50,0,active,diatomgraz,excluded-from-loss-decision,geometric,0.4,,,,,,,excluded,Long-target Chl1 pathology makes this parameter non-gradeable here.,False,1
2026-08-09,320993,320994,na_mm,natlsubpolar,constant,mean,time-mean,matched-control,50,0,active,diatomgraz,excluded-from-loss-decision,median,0.1,,,,,,,excluded,Long-target Chl1 pathology makes this parameter non-gradeable here.,False,1
2026-08-09,320993,320994,na_mm,natlsubpolar,constant,mean,time-mean,matched-control,50,0,active,diatomgraz,excluded-from-loss-decision,median,0.2,,,,,,,excluded,Long-target Chl1 pathology makes this parameter non-gradeable here.,False,1
2026-08-09,320993,320994,na_mm,natlsubpolar,constant,mean,time-mean,matched-control,50,0,active,diatomgraz,excluded-from-loss-decision,median,0.3,,,,,,,excluded,Long-target Chl1 pathology makes this parameter non-gradeable here.,False,1
2026-08-09,320993,320994,na_mm,natlsubpolar,constant,mean,time-mean,matched-control,50,0,active,diatomgraz,excluded-from-loss-decision,median,0.4,,,,,,,excluded,Long-target Chl1 pathology makes this parameter non-gradeable here.,False,1
2026-08-09,320993,320994,na_mm,natlsubpolar,constant,mean,time-mean,matched-control,50,0,active,R_PICPOC,twin-anchor-machinery-check,arithmetic,0.1,50,0,8.082812774647626e-62,1.0134781794080518,17.92200760240051,0.031797464936971664,reported,,False,1
2026-08-09,320993,320994,na_mm,natlsubpolar,constant,mean,time-mean,matched-control,50,0,active,R_PICPOC,twin-anchor-machinery-check,arithmetic,0.2,50,0,8.082812774647626e-62,1.0134781794080518,17.92200760240051,0.031797464936971664,reported,,False,1
2026-08-09,320993,320994,na_mm,natlsubpolar,constant,mean,time-mean,matched-control,50,0,active,R_PICPOC,twin-anchor-machinery-check,arithmetic,0.3,50,0,8.082812774647626e-62,1.0134781794080518,17.92200760240051,0.031797464936971664,reported,,False,1
2026-08-09,320993,320994,na_mm,natlsubpolar,constant,mean,time-mean,matched-control,50,0,active,R_PICPOC,twin-anchor-machinery-check,arithmetic,0.4,50,0,8.082812774647626e-62,1.0134781794080518,17.92200760240051,0.031797464936971664,reported,,False,1
2026-08-09,320993,320994,na_mm,natlsubpolar,constant,mean,time-mean,matched-control,50,0,active,R_PICPOC,twin-anchor-machinery-check,geometric,0.1,50,0,8.082812774647626e-62,1.0128830105260294,17.87695028163458,0.031797464936971664,reported,,False,1
2026-08-09,320993,320994,na_mm,natlsubpolar,constant,mean,time-mean,matched-control,50,0,active,R_PICPOC,twin-anchor-machinery-check,geometric,0.2,50,0,8.082812774647626e-62,1.0128830105260294,17.87695028163458,0.031797464936971664,reported,,False,1
2026-08-09,320993,320994,na_mm,natlsubpolar,constant,mean,time-mean,matched-control,50,0,active,R_PICPOC,twin-anchor-machinery-check,geometric,0.3,50,0,8.082812774647626e-62,1.0128830105260294,17.87695028163458,0.031797464936971664,reported,,False,1
2026-08-09,320993,320994,na_mm,natlsubpolar,constant,mean,time-mean,matched-control,50,0,active,R_PICPOC,twin-anchor-machinery-check,geometric,0.4,50,0,8.082812774647626e-62,1.0128830105260294,17.87695028163458,0.031797464936971664,reported,,False,1
2026-08-09,320993,320994,na_mm,natlsubpolar,constant,mean,time-mean,matched-control,50,0,active,R_PICPOC,twin-anchor-machinery-check,median,0.1,50,0,8.082812774647626e-62,1.0019787917334535,17.795256814670534,0.031797464936971664,reported,,False,1
2026-08-09,320993,320994,na_mm,natlsubpolar,constant,mean,time-mean,matched-control,50,0,active,R_PICPOC,twin-anchor-machinery-check,median,0.2,50,0,8.082812774647626e-62,1.0019787917334535,17.795256814670534,0.031797464936971664,reported,,False,1
2026-08-09,320993,320994,na_mm,natlsubpolar,constant,mean,time-mean,matched-control,50,0,active,R_PICPOC,twin-anchor-machinery-check,median,0.3,50,0,8.082812774647626e-62,1.0019787917334535,17.795256814670534,0.031797464936971664,reported,,False,1
2026-08-09,320993,320994,na_mm,natlsubpolar,constant,mean,time-mean,matched-control,50,0,active,R_PICPOC,twin-anchor-machinery-check,median,0.4,50,0,8.082812774647626e-62,1.0019787917334535,17.795256814670534,0.031797464936971664,reported,,False,1
2026-08-09,320993,320994,na_le,natlsubpolar,constant,long,endpoint,decisive,50,0,active,alpfe,boundary-diagnostic-only,arithmetic,0.1,0,0,0.9999999999999972,0.31222066040568863,0.5395803526248139,0.07928363978862762,reported,,False,1
2026-08-09,320993,320994,na_le,natlsubpolar,constant,long,endpoint,decisive,50,0,active,alpfe,boundary-diagnostic-only,arithmetic,0.2,0,0,0.9999999999999972,0.31222066040568863,0.5395803526248139,0.07928363978862762,reported,,False,1
2026-08-09,320993,320994,na_le,natlsubpolar,constant,long,endpoint,decisive,50,0,active,alpfe,boundary-diagnostic-only,arithmetic,0.3,0,0,0.9999999999999972,0.31222066040568863,0.5395803526248139,0.07928363978862762,reported,,False,1
2026-08-09,320993,320994,na_le,natlsubpolar,constant,long,endpoint,decisive,50,0,active,alpfe,boundary-diagnostic-only,arithmetic,0.4,0,10,1.0000000000000029,0.31222066040568863,0.5395803526248139,0.07928363978862762,reported,,False,1
2026-08-09,320993,320994,na_le,natlsubpolar,constant,long,endpoint,decisive,50,0,active,alpfe,boundary-diagnostic-only,geometric,0.1,0,0,0.9999999999999972,0.3112366935168269,0.5391131132212186,0.07928363978862762,reported,,False,1
2026-08-09,320993,320994,na_le,natlsubpolar,constant,long,endpoint,decisive,50,0,active,alpfe,boundary-diagnostic-only,geometric,0.2,0,0,0.9999999999999972,0.3112366935168269,0.5391131132212186,0.07928363978862762,reported,,False,1
2026-08-09,320993,320994,na_le,natlsubpolar,constant,long,endpoint,decisive,50,0,active,alpfe,boundary-diagnostic-only,geometric,0.3,0,0,0.9999999999999972,0.3112366935168269,0.5391131132212186,0.07928363978862762,reported,,False,1
2026-08-09,320993,320994,na_le,natlsubpolar,constant,long,endpoint,decisive,50,0,active,alpfe,boundary-diagnostic-only,geometric,0.4,0,10,1.0000000000000029,0.3112366935168269,0.5391131132212186,0.07928363978862762,reported,,False,1
2026-08-09,320993,320994,na_le,natlsubpolar,constant,long,endpoint,decisive,50,0,active,alpfe,boundary-diagnostic-only,median,0.1,0,0,0.9999999999999972,0.3040048041482281,0.540795772205734,0.07928363978862762,reported,,False,1
2026-08-09,320993,320994,na_le,natlsubpolar,constant,long,endpoint,decisive,50,0,active,alpfe,boundary-diagnostic-only,median,0.2,0,0,0.9999999999999972,0.3040048041482281,0.540795772205734,0.07928363978862762,reported,,False,1
2026-08-09,320993,320994,na_le,natlsubpolar,constant,long,endpoint,decisive,50,0,active,alpfe,boundary-diagnostic-only,median,0.3,0,0,0.9999999999999972,0.3040048041482281,0.540795772205734,0.07928363978862762,reported,,False,1
2026-08-09,320993,320994,na_le,natlsubpolar,constant,long,endpoint,decisive,50,0,active,alpfe,boundary-diagnostic-only,median,0.4,0,11,1.0000000000000013,0.3040048041482281,0.540795772205734,0.07928363978862762,reported,,False,1
2026-08-09,320993,320994,na_le,natlsubpolar,constant,long,endpoint,decisive,50,0,active,scav_rat,primary-inferential-target,arithmetic,0.1,0,0,0.9999999999999972,3.3048038022769926,2.458154866914739,0.026949350722134113,reported,,False,1
2026-08-09,320993,320994,na_le,natlsubpolar,constant,long,endpoint,decisive,50,0,active,scav_rat,primary-inferential-target,arithmetic,0.2,0,0,0.9999999999999972,3.3048038022769926,2.458154866914739,0.026949350722134113,reported,,False,1
2026-08-09,320993,320994,na_le,natlsubpolar,constant,long,endpoint,decisive,50,0,active,scav_rat,primary-inferential-target,arithmetic,0.3,0,0,0.9999999999999972,3.3048038022769926,2.458154866914739,0.026949350722134113,reported,,False,1
2026-08-09,320993,320994,na_le,natlsubpolar,constant,long,endpoint,decisive,50,0,active,scav_rat,primary-inferential-target,arithmetic,0.4,0,0,0.9999999999999972,3.3048038022769926,2.458154866914739,0.026949350722134113,reported,,False,1
2026-08-09,320993,320994,na_le,natlsubpolar,constant,long,endpoint,decisive,50,0,active,scav_rat,primary-inferential-target,geometric,0.1,0,0,0.9999999999999972,3.29921665825576,2.45751039239922,0.026949350722134113,reported,,False,1
2026-08-09,320993,320994,na_le,natlsubpolar,constant,long,endpoint,decisive,50,0,active,scav_rat,primary-inferential-target,geometric,0.2,0,0,0.9999999999999972,3.29921665825576,2.45751039239922,0.026949350722134113,reported,,False,1
2026-08-09,320993,320994,na_le,natlsubpolar,constant,long,endpoint,decisive,50,0,active,scav_rat,primary-inferential-target,geometric,0.3,0,0,0.9999999999999972,3.29921665825576,2.45751039239922,0.026949350722134113,reported,,False,1
2026-08-09,320993,320994,na_le,natlsubpolar,constant,long,endpoint,decisive,50,0,active,scav_rat,primary-inferential-target,geometric,0.4,0,0,0.9999999999999972,3.29921665825576,2.45751039239922,0.026949350722134113,reported,,False,1
2026-08-09,320993,320994,na_le,natlsubpolar,constant,long,endpoint,decisive,50,0,active,scav_rat,primary-inferential-target,median,0.1,0,0,0.9999999999999972,3.338238547652008,2.4572204684955175,0.026949350722134113,reported,,False,1
2026-08-09,320993,320994,na_le,natlsubpolar,constant,long,endpoint,decisive,50,0,active,scav_rat,primary-inferential-target,median,0.2,0,0,0.9999999999999972,3.338238547652008,2.4572204684955175,0.026949350722134113,reported,,False,1
2026-08-09,320993,320994,na_le,natlsubpolar,constant,long,endpoint,decisive,50,0,active,scav_rat,primary-inferential-target,median,0.3,0,0,0.9999999999999972,3.338238547652008,2.4572204684955175,0.026949350722134113,reported,,False,1
2026-08-09,320993,320994,na_le,natlsubpolar,constant,long,endpoint,decisive,50,0,active,scav_rat,primary-inferential-target,median,0.4,0,0,0.9999999999999972,3.338238547652008,2.4572204684955175,0.026949350722134113,reported,,False,1
2026-08-09,320993,320994,na_le,natlsubpolar,constant,long,endpoint,decisive,50,0,active,Smallgrow,excluded-by-construction,arithmetic,0.1,,,,,,,excluded,No time-mean observable independently identifies this parameter.,False,1
2026-08-09,320993,320994,na_le,natlsubpolar,constant,long,endpoint,decisive,50,0,active,Smallgrow,excluded-by-construction,arithmetic,0.2,,,,,,,excluded,No time-mean observable independently identifies this parameter.,False,1
2026-08-09,320993,320994,na_le,natlsubpolar,constant,long,endpoint,decisive,50,0,active,Smallgrow,excluded-by-construction,arithmetic,0.3,,,,,,,excluded,No time-mean observable independently identifies this parameter.,False,1
2026-08-09,320993,320994,na_le,natlsubpolar,constant,long,endpoint,decisive,50,0,active,Smallgrow,excluded-by-construction,arithmetic,0.4,,,,,,,excluded,No time-mean observable independently identifies this parameter.,False,1
2026-08-09,320993,320994,na_le,natlsubpolar,constant,long,endpoint,decisive,50,0,active,Smallgrow,excluded-by-construction,geometric,0.1,,,,,,,excluded,No time-mean observable independently identifies this parameter.,False,1
2026-08-09,320993,320994,na_le,natlsubpolar,constant,long,endpoint,decisive,50,0,active,Smallgrow,excluded-by-construction,geometric,0.2,,,,,,,excluded,No time-mean observable independently identifies this parameter.,False,1
2026-08-09,320993,320994,na_le,natlsubpolar,constant,long,endpoint,decisive,50,0,active,Smallgrow,excluded-by-construction,geometric,0.3,,,,,,,excluded,No time-mean observable independently identifies this parameter.,False,1
2026-08-09,320993,320994,na_le,natlsubpolar,constant,long,endpoint,decisive,50,0,active,Smallgrow,excluded-by-construction,geometric,0.4,,,,,,,excluded,No time-mean observable independently identifies this parameter.,False,1
2026-08-09,320993,320994,na_le,natlsubpolar,constant,long,endpoint,decisive,50,0,active,Smallgrow,excluded-by-construction,median,0.1,,,,,,,excluded,No time-mean observable independently identifies this parameter.,False,1
2026-08-09,320993,320994,na_le,natlsubpolar,constant,long,endpoint,decisive,50,0,active,Smallgrow,excluded-by-construction,median,0.2,,,,,,,excluded,No time-mean observable independently identifies this parameter.,False,1
2026-08-09,320993,320994,na_le,natlsubpolar,constant,long,endpoint,decisive,50,0,active,Smallgrow,excluded-by-construction,median,0.3,,,,,,,excluded,No time-mean observable independently identifies this parameter.,False,1
2026-08-09,320993,320994,na_le,natlsubpolar,constant,long,endpoint,decisive,50,0,active,Smallgrow,excluded-by-construction,median,0.4,,,,,,,excluded,No time-mean observable independently identifies this parameter.,False,1
2026-08-09,320993,320994,na_le,natlsubpolar,constant,long,endpoint,decisive,50,0,active,Biggrow,excluded-by-construction,arithmetic,0.1,,,,,,,excluded,Unobservable by the staged target construction.,False,1
2026-08-09,320993,320994,na_le,natlsubpolar,constant,long,endpoint,decisive,50,0,active,Biggrow,excluded-by-construction,arithmetic,0.2,,,,,,,excluded,Unobservable by the staged target construction.,False,1
2026-08-09,320993,320994,na_le,natlsubpolar,constant,long,endpoint,decisive,50,0,active,Biggrow,excluded-by-construction,arithmetic,0.3,,,,,,,excluded,Unobservable by the staged target construction.,False,1
2026-08-09,320993,320994,na_le,natlsubpolar,constant,long,endpoint,decisive,50,0,active,Biggrow,excluded-by-construction,arithmetic,0.4,,,,,,,excluded,Unobservable by the staged target construction.,False,1
2026-08-09,320993,320994,na_le,natlsubpolar,constant,long,endpoint,decisive,50,0,active,Biggrow,excluded-by-construction,geometric,0.1,,,,,,,excluded,Unobservable by the staged target construction.,False,1
2026-08-09,320993,320994,na_le,natlsubpolar,constant,long,endpoint,decisive,50,0,active,Biggrow,excluded-by-construction,geometric,0.2,,,,,,,excluded,Unobservable by the staged target construction.,False,1
2026-08-09,320993,320994,na_le,natlsubpolar,constant,long,endpoint,decisive,50,0,active,Biggrow,excluded-by-construction,geometric,0.3,,,,,,,excluded,Unobservable by the staged target construction.,False,1
2026-08-09,320993,320994,na_le,natlsubpolar,constant,long,endpoint,decisive,50,0,active,Biggrow,excluded-by-construction,geometric,0.4,,,,,,,excluded,Unobservable by the staged target construction.,False,1
2026-08-09,320993,320994,na_le,natlsubpolar,constant,long,endpoint,decisive,50,0,active,Biggrow,excluded-by-construction,median,0.1,,,,,,,excluded,Unobservable by the staged target construction.,False,1
2026-08-09,320993,320994,na_le,natlsubpolar,constant,long,endpoint,decisive,50,0,active,Biggrow,excluded-by-construction,median,0.2,,,,,,,excluded,Unobservable by the staged target construction.,False,1
2026-08-09,320993,320994,na_le,natlsubpolar,constant,long,endpoint,decisive,50,0,active,Biggrow,excluded-by-construction,median,0.3,,,,,,,excluded,Unobservable by the staged target construction.,False,1
2026-08-09,320993,320994,na_le,natlsubpolar,constant,long,endpoint,decisive,50,0,active,Biggrow,excluded-by-construction,median,0.4,,,,,,,excluded,Unobservable by the staged target construction.,False,1
2026-08-09,320993,320994,na_le,natlsubpolar,constant,long,endpoint,decisive,50,0,active,diatomgraz,excluded-from-loss-decision,arithmetic,0.1,,,,,,,excluded,Long-target Chl1 pathology makes this parameter non-gradeable here.,False,1
2026-08-09,320993,320994,na_le,natlsubpolar,constant,long,endpoint,decisive,50,0,active,diatomgraz,excluded-from-loss-decision,arithmetic,0.2,,,,,,,excluded,Long-target Chl1 pathology makes this parameter non-gradeable here.,False,1
2026-08-09,320993,320994,na_le,natlsubpolar,constant,long,endpoint,decisive,50,0,active,diatomgraz,excluded-from-loss-decision,arithmetic,0.3,,,,,,,excluded,Long-target Chl1 pathology makes this parameter non-gradeable here.,False,1
2026-08-09,320993,320994,na_le,natlsubpolar,constant,long,endpoint,decisive,50,0,active,diatomgraz,excluded-from-loss-decision,arithmetic,0.4,,,,,,,excluded,Long-target Chl1 pathology makes this parameter non-gradeable here.,False,1
2026-08-09,320993,320994,na_le,natlsubpolar,constant,long,endpoint,decisive,50,0,active,diatomgraz,excluded-from-loss-decision,geometric,0.1,,,,,,,excluded,Long-target Chl1 pathology makes this parameter non-gradeable here.,False,1
2026-08-09,320993,320994,na_le,natlsubpolar,constant,long,endpoint,decisive,50,0,active,diatomgraz,excluded-from-loss-decision,geometric,0.2,,,,,,,excluded,Long-target Chl1 pathology makes this parameter non-gradeable here.,False,1
2026-08-09,320993,320994,na_le,natlsubpolar,constant,long,endpoint,decisive,50,0,active,diatomgraz,excluded-from-loss-decision,geometric,0.3,,,,,,,excluded,Long-target Chl1 pathology makes this parameter non-gradeable here.,False,1
2026-08-09,320993,320994,na_le,natlsubpolar,constant,long,endpoint,decisive,50,0,active,diatomgraz,excluded-from-loss-decision,geometric,0.4,,,,,,,excluded,Long-target Chl1 pathology makes this parameter non-gradeable here.,False,1
2026-08-09,320993,320994,na_le,natlsubpolar,constant,long,endpoint,decisive,50,0,active,diatomgraz,excluded-from-loss-decision,median,0.1,,,,,,,excluded,Long-target Chl1 pathology makes this parameter non-gradeable here.,False,1
2026-08-09,320993,320994,na_le,natlsubpolar,constant,long,endpoint,decisive,50,0,active,diatomgraz,excluded-from-loss-decision,median,0.2,,,,,,,excluded,Long-target Chl1 pathology makes this parameter non-gradeable here.,False,1
2026-08-09,320993,320994,na_le,natlsubpolar,constant,long,endpoint,decisive,50,0,active,diatomgraz,excluded-from-loss-decision,median,0.3,,,,,,,excluded,Long-target Chl1 pathology makes this parameter non-gradeable here.,False,1
2026-08-09,320993,320994,na_le,natlsubpolar,constant,long,endpoint,decisive,50,0,active,diatomgraz,excluded-from-loss-decision,median,0.4,,,,,,,excluded,Long-target Chl1 pathology makes this parameter non-gradeable here.,False,1
2026-08-09,320993,320994,na_le,natlsubpolar,constant,long,endpoint,decisive,50,0,active,R_PICPOC,twin-anchor-machinery-check,arithmetic,0.1,12,0,3.079971582537734e-05,1.143555138026614,17.92200760240051,0.24978136271238327,reported,,False,1
2026-08-09,320993,320994,na_le,natlsubpolar,constant,long,endpoint,decisive,50,0,active,R_PICPOC,twin-anchor-machinery-check,arithmetic,0.2,46,0,1.1275221907179677e-51,1.143555138026614,17.92200760240051,0.24978136271238327,reported,,False,1
2026-08-09,320993,320994,na_le,natlsubpolar,constant,long,endpoint,decisive,50,0,active,R_PICPOC,twin-anchor-machinery-check,arithmetic,0.3,50,0,8.082812774647626e-62,1.143555138026614,17.92200760240051,0.24978136271238327,reported,,False,1
2026-08-09,320993,320994,na_le,natlsubpolar,constant,long,endpoint,decisive,50,0,active,R_PICPOC,twin-anchor-machinery-check,arithmetic,0.4,50,0,8.082812774647626e-62,1.143555138026614,17.92200760240051,0.24978136271238327,reported,,False,1
2026-08-09,320993,320994,na_le,natlsubpolar,constant,long,endpoint,decisive,50,0,active,R_PICPOC,twin-anchor-machinery-check,geometric,0.1,29,0,7.080129202076092e-23,1.0943142152954541,17.87695028163458,0.24978136271238327,reported,,False,1
2026-08-09,320993,320994,na_le,natlsubpolar,constant,long,endpoint,decisive,50,0,active,R_PICPOC,twin-anchor-machinery-check,geometric,0.2,50,0,8.082812774647626e-62,1.0943142152954541,17.87695028163458,0.24978136271238327,reported,,False,1
2026-08-09,320993,320994,na_le,natlsubpolar,constant,long,endpoint,decisive,50,0,active,R_PICPOC,twin-anchor-machinery-check,geometric,0.3,50,0,8.082812774647626e-62,1.0943142152954541,17.87695028163458,0.24978136271238327,reported,,False,1
2026-08-09,320993,320994,na_le,natlsubpolar,constant,long,endpoint,decisive,50,0,active,R_PICPOC,twin-anchor-machinery-check,geometric,0.4,50,0,8.082812774647626e-62,1.0943142152954541,17.87695028163458,0.24978136271238327,reported,,False,1
2026-08-09,320993,320994,na_le,natlsubpolar,constant,long,endpoint,decisive,50,0,active,R_PICPOC,twin-anchor-machinery-check,median,0.1,50,0,8.082812774647626e-62,0.9906719870891705,17.795256814670534,0.24978136271238327,reported,,False,1
2026-08-09,320993,320994,na_le,natlsubpolar,constant,long,endpoint,decisive,50,0,active,R_PICPOC,twin-anchor-machinery-check,median,0.2,50,0,8.082812774647626e-62,0.9906719870891705,17.795256814670534,0.24978136271238327,reported,,False,1
2026-08-09,320993,320994,na_le,natlsubpolar,constant,long,endpoint,decisive,50,0,active,R_PICPOC,twin-anchor-machinery-check,median,0.3,50,0,8.082812774647626e-62,0.9906719870891705,17.795256814670534,0.24978136271238327,reported,,False,1
2026-08-09,320993,320994,na_le,natlsubpolar,constant,long,endpoint,decisive,50,0,active,R_PICPOC,twin-anchor-machinery-check,median,0.4,50,0,8.082812774647626e-62,0.9906719870891705,17.795256814670534,0.24978136271238327,reported,,False,1
2026-08-09,320993,320994,na_lm,natlsubpolar,constant,long,time-mean,decisive,50,0,active,alpfe,boundary-diagnostic-only,arithmetic,0.1,0,0,0.9999999999999972,0.05392006403497727,0.5395803526248139,0.000847315473947674,reported,,False,1
2026-08-09,320993,320994,na_lm,natlsubpolar,constant,long,time-mean,decisive,50,0,active,alpfe,boundary-diagnostic-only,arithmetic,0.2,0,0,0.9999999999999972,0.05392006403497727,0.5395803526248139,0.000847315473947674,reported,,False,1
2026-08-09,320993,320994,na_lm,natlsubpolar,constant,long,time-mean,decisive,50,0,active,alpfe,boundary-diagnostic-only,arithmetic,0.3,0,0,0.9999999999999972,0.05392006403497727,0.5395803526248139,0.000847315473947674,reported,,False,1
2026-08-09,320993,320994,na_lm,natlsubpolar,constant,long,time-mean,decisive,50,0,active,alpfe,boundary-diagnostic-only,arithmetic,0.4,0,10,1.0000000000000029,0.05392006403497727,0.5395803526248139,0.000847315473947674,reported,,False,1
2026-08-09,320993,320994,na_lm,natlsubpolar,constant,long,time-mean,decisive,50,0,active,alpfe,boundary-diagnostic-only,geometric,0.1,0,0,0.9999999999999972,0.053920031931129285,0.5391131132212186,0.000847315473947674,reported,,False,1
2026-08-09,320993,320994,na_lm,natlsubpolar,constant,long,time-mean,decisive,50,0,active,alpfe,boundary-diagnostic-only,geometric,0.2,0,0,0.9999999999999972,0.053920031931129285,0.5391131132212186,0.000847315473947674,reported,,False,1
2026-08-09,320993,320994,na_lm,natlsubpolar,constant,long,time-mean,decisive,50,0,active,alpfe,boundary-diagnostic-only,geometric,0.3,0,0,0.9999999999999972,0.053920031931129285,0.5391131132212186,0.000847315473947674,reported,,False,1
2026-08-09,320993,320994,na_lm,natlsubpolar,constant,long,time-mean,decisive,50,0,active,alpfe,boundary-diagnostic-only,geometric,0.4,0,10,1.0000000000000029,0.053920031931129285,0.5391131132212186,0.000847315473947674,reported,,False,1
2026-08-09,320993,320994,na_lm,natlsubpolar,constant,long,time-mean,decisive,50,0,active,alpfe,boundary-diagnostic-only,median,0.1,0,0,0.9999999999999972,0.05390640585414952,0.540795772205734,0.000847315473947674,reported,,False,1
2026-08-09,320993,320994,na_lm,natlsubpolar,constant,long,time-mean,decisive,50,0,active,alpfe,boundary-diagnostic-only,median,0.2,0,0,0.9999999999999972,0.05390640585414952,0.540795772205734,0.000847315473947674,reported,,False,1
2026-08-09,320993,320994,na_lm,natlsubpolar,constant,long,time-mean,decisive,50,0,active,alpfe,boundary-diagnostic-only,median,0.3,0,0,0.9999999999999972,0.05390640585414952,0.540795772205734,0.000847315473947674,reported,,False,1
2026-08-09,320993,320994,na_lm,natlsubpolar,constant,long,time-mean,decisive,50,0,active,alpfe,boundary-diagnostic-only,median,0.4,0,11,1.0000000000000013,0.05390640585414952,0.540795772205734,0.000847315473947674,reported,,False,1
2026-08-09,320993,320994,na_lm,natlsubpolar,constant,long,time-mean,decisive,50,0,active,scav_rat,primary-inferential-target,arithmetic,0.1,0,0,0.9999999999999972,4.977023742909106,2.458154866914739,0.00021822638518642634,reported,,False,1
2026-08-09,320993,320994,na_lm,natlsubpolar,constant,long,time-mean,decisive,50,0,active,scav_rat,primary-inferential-target,arithmetic,0.2,0,0,0.9999999999999972,4.977023742909106,2.458154866914739,0.00021822638518642634,reported,,False,1
2026-08-09,320993,320994,na_lm,natlsubpolar,constant,long,time-mean,decisive,50,0,active,scav_rat,primary-inferential-target,arithmetic,0.3,0,0,0.9999999999999972,4.977023742909106,2.458154866914739,0.00021822638518642634,reported,,False,1
2026-08-09,320993,320994,na_lm,natlsubpolar,constant,long,time-mean,decisive,50,0,active,scav_rat,primary-inferential-target,arithmetic,0.4,0,0,0.9999999999999972,4.977023742909106,2.458154866914739,0.00021822638518642634,reported,,False,1
2026-08-09,320993,320994,na_lm,natlsubpolar,constant,long,time-mean,decisive,50,0,active,scav_rat,primary-inferential-target,geometric,0.1,0,0,0.9999999999999972,4.977025629820291,2.45751039239922,0.00021822638518642634,reported,,False,1
2026-08-09,320993,320994,na_lm,natlsubpolar,constant,long,time-mean,decisive,50,0,active,scav_rat,primary-inferential-target,geometric,0.2,0,0,0.9999999999999972,4.977025629820291,2.45751039239922,0.00021822638518642634,reported,,False,1
2026-08-09,320993,320994,na_lm,natlsubpolar,constant,long,time-mean,decisive,50,0,active,scav_rat,primary-inferential-target,geometric,0.3,0,0,0.9999999999999972,4.977025629820291,2.45751039239922,0.00021822638518642634,reported,,False,1
2026-08-09,320993,320994,na_lm,natlsubpolar,constant,long,time-mean,decisive,50,0,active,scav_rat,primary-inferential-target,geometric,0.4,0,0,0.9999999999999972,4.977025629820291,2.45751039239922,0.00021822638518642634,reported,,False,1
2026-08-09,320993,320994,na_lm,natlsubpolar,constant,long,time-mean,decisive,50,0,active,scav_rat,primary-inferential-target,median,0.1,0,0,0.9999999999999972,4.977526982122366,2.4572204684955175,0.00021822638518642634,reported,,False,1
2026-08-09,320993,320994,na_lm,natlsubpolar,constant,long,time-mean,decisive,50,0,active,scav_rat,primary-inferential-target,median,0.2,0,0,0.9999999999999972,4.977526982122366,2.4572204684955175,0.00021822638518642634,reported,,False,1
2026-08-09,320993,320994,na_lm,natlsubpolar,constant,long,time-mean,decisive,50,0,active,scav_rat,primary-inferential-target,median,0.3,0,0,0.9999999999999972,4.977526982122366,2.4572204684955175,0.00021822638518642634,reported,,False,1
2026-08-09,320993,320994,na_lm,natlsubpolar,constant,long,time-mean,decisive,50,0,active,scav_rat,primary-inferential-target,median,0.4,0,0,0.9999999999999972,4.977526982122366,2.4572204684955175,0.00021822638518642634,reported,,False,1
2026-08-09,320993,320994,na_lm,natlsubpolar,constant,long,time-mean,decisive,50,0,active,Smallgrow,excluded-by-construction,arithmetic,0.1,,,,,,,excluded,No time-mean observable independently identifies this parameter.,False,1
2026-08-09,320993,320994,na_lm,natlsubpolar,constant,long,time-mean,decisive,50,0,active,Smallgrow,excluded-by-construction,arithmetic,0.2,,,,,,,excluded,No time-mean observable independently identifies this parameter.,False,1
2026-08-09,320993,320994,na_lm,natlsubpolar,constant,long,time-mean,decisive,50,0,active,Smallgrow,excluded-by-construction,arithmetic,0.3,,,,,,,excluded,No time-mean observable independently identifies this parameter.,False,1
2026-08-09,320993,320994,na_lm,natlsubpolar,constant,long,time-mean,decisive,50,0,active,Smallgrow,excluded-by-construction,arithmetic,0.4,,,,,,,excluded,No time-mean observable independently identifies this parameter.,False,1
2026-08-09,320993,320994,na_lm,natlsubpolar,constant,long,time-mean,decisive,50,0,active,Smallgrow,excluded-by-construction,geometric,0.1,,,,,,,excluded,No time-mean observable independently identifies this parameter.,False,1
2026-08-09,320993,320994,na_lm,natlsubpolar,constant,long,time-mean,decisive,50,0,active,Smallgrow,excluded-by-construction,geometric,0.2,,,,,,,excluded,No time-mean observable independently identifies this parameter.,False,1
2026-08-09,320993,320994,na_lm,natlsubpolar,constant,long,time-mean,decisive,50,0,active,Smallgrow,excluded-by-construction,geometric,0.3,,,,,,,excluded,No time-mean observable independently identifies this parameter.,False,1
2026-08-09,320993,320994,na_lm,natlsubpolar,constant,long,time-mean,decisive,50,0,active,Smallgrow,excluded-by-construction,geometric,0.4,,,,,,,excluded,No time-mean observable independently identifies this parameter.,False,1
2026-08-09,320993,320994,na_lm,natlsubpolar,constant,long,time-mean,decisive,50,0,active,Smallgrow,excluded-by-construction,median,0.1,,,,,,,excluded,No time-mean observable independently identifies this parameter.,False,1
2026-08-09,320993,320994,na_lm,natlsubpolar,constant,long,time-mean,decisive,50,0,active,Smallgrow,excluded-by-construction,median,0.2,,,,,,,excluded,No time-mean observable independently identifies this parameter.,False,1
2026-08-09,320993,320994,na_lm,natlsubpolar,constant,long,time-mean,decisive,50,0,active,Smallgrow,excluded-by-construction,median,0.3,,,,,,,excluded,No time-mean observable independently identifies this parameter.,False,1
2026-08-09,320993,320994,na_lm,natlsubpolar,constant,long,time-mean,decisive,50,0,active,Smallgrow,excluded-by-construction,median,0.4,,,,,,,excluded,No time-mean observable independently identifies this parameter.,False,1
2026-08-09,320993,320994,na_lm,natlsubpolar,constant,long,time-mean,decisive,50,0,active,Biggrow,excluded-by-construction,arithmetic,0.1,,,,,,,excluded,Unobservable by the staged target construction.,False,1
2026-08-09,320993,320994,na_lm,natlsubpolar,constant,long,time-mean,decisive,50,0,active,Biggrow,excluded-by-construction,arithmetic,0.2,,,,,,,excluded,Unobservable by the staged target construction.,False,1
2026-08-09,320993,320994,na_lm,natlsubpolar,constant,long,time-mean,decisive,50,0,active,Biggrow,excluded-by-construction,arithmetic,0.3,,,,,,,excluded,Unobservable by the staged target construction.,False,1
2026-08-09,320993,320994,na_lm,natlsubpolar,constant,long,time-mean,decisive,50,0,active,Biggrow,excluded-by-construction,arithmetic,0.4,,,,,,,excluded,Unobservable by the staged target construction.,False,1
2026-08-09,320993,320994,na_lm,natlsubpolar,constant,long,time-mean,decisive,50,0,active,Biggrow,excluded-by-construction,geometric,0.1,,,,,,,excluded,Unobservable by the staged target construction.,False,1
2026-08-09,320993,320994,na_lm,natlsubpolar,constant,long,time-mean,decisive,50,0,active,Biggrow,excluded-by-construction,geometric,0.2,,,,,,,excluded,Unobservable by the staged target construction.,False,1
2026-08-09,320993,320994,na_lm,natlsubpolar,constant,long,time-mean,decisive,50,0,active,Biggrow,excluded-by-construction,geometric,0.3,,,,,,,excluded,Unobservable by the staged target construction.,False,1
2026-08-09,320993,320994,na_lm,natlsubpolar,constant,long,time-mean,decisive,50,0,active,Biggrow,excluded-by-construction,geometric,0.4,,,,,,,excluded,Unobservable by the staged target construction.,False,1
2026-08-09,320993,320994,na_lm,natlsubpolar,constant,long,time-mean,decisive,50,0,active,Biggrow,excluded-by-construction,median,0.1,,,,,,,excluded,Unobservable by the staged target construction.,False,1
2026-08-09,320993,320994,na_lm,natlsubpolar,constant,long,time-mean,decisive,50,0,active,Biggrow,excluded-by-construction,median,0.2,,,,,,,excluded,Unobservable by the staged target construction.,False,1
2026-08-09,320993,320994,na_lm,natlsubpolar,constant,long,time-mean,decisive,50,0,active,Biggrow,excluded-by-construction,median,0.3,,,,,,,excluded,Unobservable by the staged target construction.,False,1
2026-08-09,320993,320994,na_lm,natlsubpolar,constant,long,time-mean,decisive,50,0,active,Biggrow,excluded-by-construction,median,0.4,,,,,,,excluded,Unobservable by the staged target construction.,False,1
2026-08-09,320993,320994,na_lm,natlsubpolar,constant,long,time-mean,decisive,50,0,active,diatomgraz,excluded-from-loss-decision,arithmetic,0.1,,,,,,,excluded,Long-target Chl1 pathology makes this parameter non-gradeable here.,False,1
2026-08-09,320993,320994,na_lm,natlsubpolar,constant,long,time-mean,decisive,50,0,active,diatomgraz,excluded-from-loss-decision,arithmetic,0.2,,,,,,,excluded,Long-target Chl1 pathology makes this parameter non-gradeable here.,False,1
2026-08-09,320993,320994,na_lm,natlsubpolar,constant,long,time-mean,decisive,50,0,active,diatomgraz,excluded-from-loss-decision,arithmetic,0.3,,,,,,,excluded,Long-target Chl1 pathology makes this parameter non-gradeable here.,False,1
2026-08-09,320993,320994,na_lm,natlsubpolar,constant,long,time-mean,decisive,50,0,active,diatomgraz,excluded-from-loss-decision,arithmetic,0.4,,,,,,,excluded,Long-target Chl1 pathology makes this parameter non-gradeable here.,False,1
2026-08-09,320993,320994,na_lm,natlsubpolar,constant,long,time-mean,decisive,50,0,active,diatomgraz,excluded-from-loss-decision,geometric,0.1,,,,,,,excluded,Long-target Chl1 pathology makes this parameter non-gradeable here.,False,1
2026-08-09,320993,320994,na_lm,natlsubpolar,constant,long,time-mean,decisive,50,0,active,diatomgraz,excluded-from-loss-decision,geometric,0.2,,,,,,,excluded,Long-target Chl1 pathology makes this parameter non-gradeable here.,False,1
2026-08-09,320993,320994,na_lm,natlsubpolar,constant,long,time-mean,decisive,50,0,active,diatomgraz,excluded-from-loss-decision,geometric,0.3,,,,,,,excluded,Long-target Chl1 pathology makes this parameter non-gradeable here.,False,1
2026-08-09,320993,320994,na_lm,natlsubpolar,constant,long,time-mean,decisive,50,0,active,diatomgraz,excluded-from-loss-decision,geometric,0.4,,,,,,,excluded,Long-target Chl1 pathology makes this parameter non-gradeable here.,False,1
2026-08-09,320993,320994,na_lm,natlsubpolar,constant,long,time-mean,decisive,50,0,active,diatomgraz,excluded-from-loss-decision,median,0.1,,,,,,,excluded,Long-target Chl1 pathology makes this parameter non-gradeable here.,False,1
2026-08-09,320993,320994,na_lm,natlsubpolar,constant,long,time-mean,decisive,50,0,active,diatomgraz,excluded-from-loss-decision,median,0.2,,,,,,,excluded,Long-target Chl1 pathology makes this parameter non-gradeable here.,False,1
2026-08-09,320993,320994,na_lm,natlsubpolar,constant,long,time-mean,decisive,50,0,active,diatomgraz,excluded-from-loss-decision,median,0.3,,,,,,,excluded,Long-target Chl1 pathology makes this parameter non-gradeable here.,False,1
2026-08-09,320993,320994,na_lm,natlsubpolar,constant,long,time-mean,decisive,50,0,active,diatomgraz,excluded-from-loss-decision,median,0.4,,,,,,,excluded,Long-target Chl1 pathology makes this parameter non-gradeable here.,False,1
2026-08-09,320993,320994,na_lm,natlsubpolar,constant,long,time-mean,decisive,50,0,active,R_PICPOC,twin-anchor-machinery-check,arithmetic,0.1,47,0,6.116204709557624e-54,1.0274371801526712,17.92200760240051,0.06889698654413223,reported,,False,1
2026-08-09,320993,320994,na_lm,natlsubpolar,constant,long,time-mean,decisive,50,0,active,R_PICPOC,twin-anchor-machinery-check,arithmetic,0.2,50,0,8.082812774647626e-62,1.0274371801526712,17.92200760240051,0.06889698654413223,reported,,False,1
2026-08-09,320993,320994,na_lm,natlsubpolar,constant,long,time-mean,decisive,50,0,active,R_PICPOC,twin-anchor-machinery-check,arithmetic,0.3,50,0,8.082812774647626e-62,1.0274371801526712,17.92200760240051,0.06889698654413223,reported,,False,1
2026-08-09,320993,320994,na_lm,natlsubpolar,constant,long,time-mean,decisive,50,0,active,R_PICPOC,twin-anchor-machinery-check,arithmetic,0.4,50,0,8.082812774647626e-62,1.0274371801526712,17.92200760240051,0.06889698654413223,reported,,False,1
2026-08-09,320993,320994,na_lm,natlsubpolar,constant,long,time-mean,decisive,50,0,active,R_PICPOC,twin-anchor-machinery-check,geometric,0.1,50,0,8.082812774647626e-62,1.025051370832249,17.87695028163458,0.06889698654413223,reported,,False,1
2026-08-09,320993,320994,na_lm,natlsubpolar,constant,long,time-mean,decisive,50,0,active,R_PICPOC,twin-anchor-machinery-check,geometric,0.2,50,0,8.082812774647626e-62,1.025051370832249,17.87695028163458,0.06889698654413223,reported,,False,1
2026-08-09,320993,320994,na_lm,natlsubpolar,constant,long,time-mean,decisive,50,0,active,R_PICPOC,twin-anchor-machinery-check,geometric,0.3,50,0,8.082812774647626e-62,1.025051370832249,17.87695028163458,0.06889698654413223,reported,,False,1
2026-08-09,320993,320994,na_lm,natlsubpolar,constant,long,time-mean,decisive,50,0,active,R_PICPOC,twin-anchor-machinery-check,geometric,0.4,50,0,8.082812774647626e-62,1.025051370832249,17.87695028163458,0.06889698654413223,reported,,False,1
2026-08-09,320993,320994,na_lm,natlsubpolar,constant,long,time-mean,decisive,50,0,active,R_PICPOC,twin-anchor-machinery-check,median,0.1,50,0,8.082812774647626e-62,1.0103898303522967,17.795256814670534,0.06889698654413223,reported,,False,1
2026-08-09,320993,320994,na_lm,natlsubpolar,constant,long,time-mean,decisive,50,0,active,R_PICPOC,twin-anchor-machinery-check,median,0.2,50,0,8.082812774647626e-62,1.0103898303522967,17.795256814670534,0.06889698654413223,reported,,False,1
2026-08-09,320993,320994,na_lm,natlsubpolar,constant,long,time-mean,decisive,50,0,active,R_PICPOC,twin-anchor-machinery-check,median,0.3,50,0,8.082812774647626e-62,1.0103898303522967,17.795256814670534,0.06889698654413223,reported,,False,1
2026-08-09,320993,320994,na_lm,natlsubpolar,constant,long,time-mean,decisive,50,0,active,R_PICPOC,twin-anchor-machinery-check,median,0.4,50,0,8.082812774647626e-62,1.0103898303522967,17.795256814670534,0.06889698654413223,reported,,False,1
2026-08-09,320993,320994,na_null,natlsubpolar,constant,untrained,none,untrained-null,50,0,active,alpfe,boundary-diagnostic-only,arithmetic,0.1,0,0,,0.5395803526248139,0.5395803526248139,0.03663100674748421,reported,,False,1
2026-08-09,320993,320994,na_null,natlsubpolar,constant,untrained,none,untrained-null,50,0,active,alpfe,boundary-diagnostic-only,arithmetic,0.2,0,0,,0.5395803526248139,0.5395803526248139,0.03663100674748421,reported,,False,1
2026-08-09,320993,320994,na_null,natlsubpolar,constant,untrained,none,untrained-null,50,0,active,alpfe,boundary-diagnostic-only,arithmetic,0.3,0,0,,0.5395803526248139,0.5395803526248139,0.03663100674748421,reported,,False,1
2026-08-09,320993,320994,na_null,natlsubpolar,constant,untrained,none,untrained-null,50,0,active,alpfe,boundary-diagnostic-only,arithmetic,0.4,10,10,,0.5395803526248139,0.5395803526248139,0.03663100674748421,reported,,False,1
2026-08-09,320993,320994,na_null,natlsubpolar,constant,untrained,none,untrained-null,50,0,active,alpfe,boundary-diagnostic-only,geometric,0.1,0,0,,0.5391131132212186,0.5391131132212186,0.03663100674748421,reported,,False,1
2026-08-09,320993,320994,na_null,natlsubpolar,constant,untrained,none,untrained-null,50,0,active,alpfe,boundary-diagnostic-only,geometric,0.2,0,0,,0.5391131132212186,0.5391131132212186,0.03663100674748421,reported,,False,1
2026-08-09,320993,320994,na_null,natlsubpolar,constant,untrained,none,untrained-null,50,0,active,alpfe,boundary-diagnostic-only,geometric,0.3,0,0,,0.5391131132212186,0.5391131132212186,0.03663100674748421,reported,,False,1
2026-08-09,320993,320994,na_null,natlsubpolar,constant,untrained,none,untrained-null,50,0,active,alpfe,boundary-diagnostic-only,geometric,0.4,10,10,,0.5391131132212186,0.5391131132212186,0.03663100674748421,reported,,False,1
2026-08-09,320993,320994,na_null,natlsubpolar,constant,untrained,none,untrained-null,50,0,active,alpfe,boundary-diagnostic-only,median,0.1,0,0,,0.540795772205734,0.540795772205734,0.03663100674748421,reported,,False,1
2026-08-09,320993,320994,na_null,natlsubpolar,constant,untrained,none,untrained-null,50,0,active,alpfe,boundary-diagnostic-only,median,0.2,0,0,,0.540795772205734,0.540795772205734,0.03663100674748421,reported,,False,1
2026-08-09,320993,320994,na_null,natlsubpolar,constant,untrained,none,untrained-null,50,0,active,alpfe,boundary-diagnostic-only,median,0.3,0,0,,0.540795772205734,0.540795772205734,0.03663100674748421,reported,,False,1
2026-08-09,320993,320994,na_null,natlsubpolar,constant,untrained,none,untrained-null,50,0,active,alpfe,boundary-diagnostic-only,median,0.4,11,11,,0.540795772205734,0.540795772205734,0.03663100674748421,reported,,False,1
2026-08-09,320993,320994,na_null,natlsubpolar,constant,untrained,none,untrained-null,50,0,active,scav_rat,primary-inferential-target,arithmetic,0.1,0,0,,2.458154866914739,2.458154866914739,0.04392384737730026,reported,,False,1
2026-08-09,320993,320994,na_null,natlsubpolar,constant,untrained,none,untrained-null,50,0,active,scav_rat,primary-inferential-target,arithmetic,0.2,0,0,,2.458154866914739,2.458154866914739,0.04392384737730026,reported,,False,1
2026-08-09,320993,320994,na_null,natlsubpolar,constant,untrained,none,untrained-null,50,0,active,scav_rat,primary-inferential-target,arithmetic,0.3,0,0,,2.458154866914739,2.458154866914739,0.04392384737730026,reported,,False,1
2026-08-09,320993,320994,na_null,natlsubpolar,constant,untrained,none,untrained-null,50,0,active,scav_rat,primary-inferential-target,arithmetic,0.4,0,0,,2.458154866914739,2.458154866914739,0.04392384737730026,reported,,False,1
2026-08-09,320993,320994,na_null,natlsubpolar,constant,untrained,none,untrained-null,50,0,active,scav_rat,primary-inferential-target,geometric,0.1,0,0,,2.45751039239922,2.45751039239922,0.04392384737730026,reported,,False,1
2026-08-09,320993,320994,na_null,natlsubpolar,constant,untrained,none,untrained-null,50,0,active,scav_rat,primary-inferential-target,geometric,0.2,0,0,,2.45751039239922,2.45751039239922,0.04392384737730026,reported,,False,1
2026-08-09,320993,320994,na_null,natlsubpolar,constant,untrained,none,untrained-null,50,0,active,scav_rat,primary-inferential-target,geometric,0.3,0,0,,2.45751039239922,2.45751039239922,0.04392384737730026,reported,,False,1
2026-08-09,320993,320994,na_null,natlsubpolar,constant,untrained,none,untrained-null,50,0,active,scav_rat,primary-inferential-target,geometric,0.4,0,0,,2.45751039239922,2.45751039239922,0.04392384737730026,reported,,False,1
2026-08-09,320993,320994,na_null,natlsubpolar,constant,untrained,none,untrained-null,50,0,active,scav_rat,primary-inferential-target,median,0.1,0,0,,2.4572204684955175,2.4572204684955175,0.04392384737730026,reported,,False,1
2026-08-09,320993,320994,na_null,natlsubpolar,constant,untrained,none,untrained-null,50,0,active,scav_rat,primary-inferential-target,median,0.2,0,0,,2.4572204684955175,2.4572204684955175,0.04392384737730026,reported,,False,1
2026-08-09,320993,320994,na_null,natlsubpolar,constant,untrained,none,untrained-null,50,0,active,scav_rat,primary-inferential-target,median,0.3,0,0,,2.4572204684955175,2.4572204684955175,0.04392384737730026,reported,,False,1
2026-08-09,320993,320994,na_null,natlsubpolar,constant,untrained,none,untrained-null,50,0,active,scav_rat,primary-inferential-target,median,0.4,0,0,,2.4572204684955175,2.4572204684955175,0.04392384737730026,reported,,False,1
2026-08-09,320993,320994,na_null,natlsubpolar,constant,untrained,none,untrained-null,50,0,active,Smallgrow,excluded-by-construction,arithmetic,0.1,,,,,,,excluded,No time-mean observable independently identifies this parameter.,False,1
2026-08-09,320993,320994,na_null,natlsubpolar,constant,untrained,none,untrained-null,50,0,active,Smallgrow,excluded-by-construction,arithmetic,0.2,,,,,,,excluded,No time-mean observable independently identifies this parameter.,False,1
2026-08-09,320993,320994,na_null,natlsubpolar,constant,untrained,none,untrained-null,50,0,active,Smallgrow,excluded-by-construction,arithmetic,0.3,,,,,,,excluded,No time-mean observable independently identifies this parameter.,False,1
2026-08-09,320993,320994,na_null,natlsubpolar,constant,untrained,none,untrained-null,50,0,active,Smallgrow,excluded-by-construction,arithmetic,0.4,,,,,,,excluded,No time-mean observable independently identifies this parameter.,False,1
2026-08-09,320993,320994,na_null,natlsubpolar,constant,untrained,none,untrained-null,50,0,active,Smallgrow,excluded-by-construction,geometric,0.1,,,,,,,excluded,No time-mean observable independently identifies this parameter.,False,1
2026-08-09,320993,320994,na_null,natlsubpolar,constant,untrained,none,untrained-null,50,0,active,Smallgrow,excluded-by-construction,geometric,0.2,,,,,,,excluded,No time-mean observable independently identifies this parameter.,False,1
2026-08-09,320993,320994,na_null,natlsubpolar,constant,untrained,none,untrained-null,50,0,active,Smallgrow,excluded-by-construction,geometric,0.3,,,,,,,excluded,No time-mean observable independently identifies this parameter.,False,1
2026-08-09,320993,320994,na_null,natlsubpolar,constant,untrained,none,untrained-null,50,0,active,Smallgrow,excluded-by-construction,geometric,0.4,,,,,,,excluded,No time-mean observable independently identifies this parameter.,False,1
2026-08-09,320993,320994,na_null,natlsubpolar,constant,untrained,none,untrained-null,50,0,active,Smallgrow,excluded-by-construction,median,0.1,,,,,,,excluded,No time-mean observable independently identifies this parameter.,False,1
2026-08-09,320993,320994,na_null,natlsubpolar,constant,untrained,none,untrained-null,50,0,active,Smallgrow,excluded-by-construction,median,0.2,,,,,,,excluded,No time-mean observable independently identifies this parameter.,False,1
2026-08-09,320993,320994,na_null,natlsubpolar,constant,untrained,none,untrained-null,50,0,active,Smallgrow,excluded-by-construction,median,0.3,,,,,,,excluded,No time-mean observable independently identifies this parameter.,False,1
2026-08-09,320993,320994,na_null,natlsubpolar,constant,untrained,none,untrained-null,50,0,active,Smallgrow,excluded-by-construction,median,0.4,,,,,,,excluded,No time-mean observable independently identifies this parameter.,False,1
2026-08-09,320993,320994,na_null,natlsubpolar,constant,untrained,none,untrained-null,50,0,active,Biggrow,excluded-by-construction,arithmetic,0.1,,,,,,,excluded,Unobservable by the staged target construction.,False,1
2026-08-09,320993,320994,na_null,natlsubpolar,constant,untrained,none,untrained-null,50,0,active,Biggrow,excluded-by-construction,arithmetic,0.2,,,,,,,excluded,Unobservable by the staged target construction.,False,1
2026-08-09,320993,320994,na_null,natlsubpolar,constant,untrained,none,untrained-null,50,0,active,Biggrow,excluded-by-construction,arithmetic,0.3,,,,,,,excluded,Unobservable by the staged target construction.,False,1
2026-08-09,320993,320994,na_null,natlsubpolar,constant,untrained,none,untrained-null,50,0,active,Biggrow,excluded-by-construction,arithmetic,0.4,,,,,,,excluded,Unobservable by the staged target construction.,False,1
2026-08-09,320993,320994,na_null,natlsubpolar,constant,untrained,none,untrained-null,50,0,active,Biggrow,excluded-by-construction,geometric,0.1,,,,,,,excluded,Unobservable by the staged target construction.,False,1
2026-08-09,320993,320994,na_null,natlsubpolar,constant,untrained,none,untrained-null,50,0,active,Biggrow,excluded-by-construction,geometric,0.2,,,,,,,excluded,Unobservable by the staged target construction.,False,1
2026-08-09,320993,320994,na_null,natlsubpolar,constant,untrained,none,untrained-null,50,0,active,Biggrow,excluded-by-construction,geometric,0.3,,,,,,,excluded,Unobservable by the staged target construction.,False,1
2026-08-09,320993,320994,na_null,natlsubpolar,constant,untrained,none,untrained-null,50,0,active,Biggrow,excluded-by-construction,geometric,0.4,,,,,,,excluded,Unobservable by the staged target construction.,False,1
2026-08-09,320993,320994,na_null,natlsubpolar,constant,untrained,none,untrained-null,50,0,active,Biggrow,excluded-by-construction,median,0.1,,,,,,,excluded,Unobservable by the staged target construction.,False,1
2026-08-09,320993,320994,na_null,natlsubpolar,constant,untrained,none,untrained-null,50,0,active,Biggrow,excluded-by-construction,median,0.2,,,,,,,excluded,Unobservable by the staged target construction.,False,1
2026-08-09,320993,320994,na_null,natlsubpolar,constant,untrained,none,untrained-null,50,0,active,Biggrow,excluded-by-construction,median,0.3,,,,,,,excluded,Unobservable by the staged target construction.,False,1
2026-08-09,320993,320994,na_null,natlsubpolar,constant,untrained,none,untrained-null,50,0,active,Biggrow,excluded-by-construction,median,0.4,,,,,,,excluded,Unobservable by the staged target construction.,False,1
2026-08-09,320993,320994,na_null,natlsubpolar,constant,untrained,none,untrained-null,50,0,active,diatomgraz,excluded-from-loss-decision,arithmetic,0.1,,,,,,,excluded,Long-target Chl1 pathology makes this parameter non-gradeable here.,False,1
2026-08-09,320993,320994,na_null,natlsubpolar,constant,untrained,none,untrained-null,50,0,active,diatomgraz,excluded-from-loss-decision,arithmetic,0.2,,,,,,,excluded,Long-target Chl1 pathology makes this parameter non-gradeable here.,False,1
2026-08-09,320993,320994,na_null,natlsubpolar,constant,untrained,none,untrained-null,50,0,active,diatomgraz,excluded-from-loss-decision,arithmetic,0.3,,,,,,,excluded,Long-target Chl1 pathology makes this parameter non-gradeable here.,False,1
2026-08-09,320993,320994,na_null,natlsubpolar,constant,untrained,none,untrained-null,50,0,active,diatomgraz,excluded-from-loss-decision,arithmetic,0.4,,,,,,,excluded,Long-target Chl1 pathology makes this parameter non-gradeable here.,False,1
2026-08-09,320993,320994,na_null,natlsubpolar,constant,untrained,none,untrained-null,50,0,active,diatomgraz,excluded-from-loss-decision,geometric,0.1,,,,,,,excluded,Long-target Chl1 pathology makes this parameter non-gradeable here.,False,1
2026-08-09,320993,320994,na_null,natlsubpolar,constant,untrained,none,untrained-null,50,0,active,diatomgraz,excluded-from-loss-decision,geometric,0.2,,,,,,,excluded,Long-target Chl1 pathology makes this parameter non-gradeable here.,False,1
2026-08-09,320993,320994,na_null,natlsubpolar,constant,untrained,none,untrained-null,50,0,active,diatomgraz,excluded-from-loss-decision,geometric,0.3,,,,,,,excluded,Long-target Chl1 pathology makes this parameter non-gradeable here.,False,1
2026-08-09,320993,320994,na_null,natlsubpolar,constant,untrained,none,untrained-null,50,0,active,diatomgraz,excluded-from-loss-decision,geometric,0.4,,,,,,,excluded,Long-target Chl1 pathology makes this parameter non-gradeable here.,False,1
2026-08-09,320993,320994,na_null,natlsubpolar,constant,untrained,none,untrained-null,50,0,active,diatomgraz,excluded-from-loss-decision,median,0.1,,,,,,,excluded,Long-target Chl1 pathology makes this parameter non-gradeable here.,False,1
2026-08-09,320993,320994,na_null,natlsubpolar,constant,untrained,none,untrained-null,50,0,active,diatomgraz,excluded-from-loss-decision,median,0.2,,,,,,,excluded,Long-target Chl1 pathology makes this parameter non-gradeable here.,False,1
2026-08-09,320993,320994,na_null,natlsubpolar,constant,untrained,none,untrained-null,50,0,active,diatomgraz,excluded-from-loss-decision,median,0.3,,,,,,,excluded,Long-target Chl1 pathology makes this parameter non-gradeable here.,False,1
2026-08-09,320993,320994,na_null,natlsubpolar,constant,untrained,none,untrained-null,50,0,active,diatomgraz,excluded-from-loss-decision,median,0.4,,,,,,,excluded,Long-target Chl1 pathology makes this parameter non-gradeable here.,False,1
2026-08-09,320993,320994,na_null,natlsubpolar,constant,untrained,none,untrained-null,50,0,active,R_PICPOC,twin-anchor-machinery-check,arithmetic,0.1,0,0,,17.92200760240051,17.92200760240051,0.03975570201873779,reported,,False,1
2026-08-09,320993,320994,na_null,natlsubpolar,constant,untrained,none,untrained-null,50,0,active,R_PICPOC,twin-anchor-machinery-check,arithmetic,0.2,0,0,,17.92200760240051,17.92200760240051,0.03975570201873779,reported,,False,1
2026-08-09,320993,320994,na_null,natlsubpolar,constant,untrained,none,untrained-null,50,0,active,R_PICPOC,twin-anchor-machinery-check,arithmetic,0.3,0,0,,17.92200760240051,17.92200760240051,0.03975570201873779,reported,,False,1
2026-08-09,320993,320994,na_null,natlsubpolar,constant,untrained,none,untrained-null,50,0,active,R_PICPOC,twin-anchor-machinery-check,arithmetic,0.4,0,0,,17.92200760240051,17.92200760240051,0.03975570201873779,reported,,False,1
2026-08-09,320993,320994,na_null,natlsubpolar,constant,untrained,none,untrained-null,50,0,active,R_PICPOC,twin-anchor-machinery-check,geometric,0.1,0,0,,17.87695028163458,17.87695028163458,0.03975570201873779,reported,,False,1
2026-08-09,320993,320994,na_null,natlsubpolar,constant,untrained,none,untrained-null,50,0,active,R_PICPOC,twin-anchor-machinery-check,geometric,0.2,0,0,,17.87695028163458,17.87695028163458,0.03975570201873779,reported,,False,1
2026-08-09,320993,320994,na_null,natlsubpolar,constant,untrained,none,untrained-null,50,0,active,R_PICPOC,twin-anchor-machinery-check,geometric,0.3,0,0,,17.87695028163458,17.87695028163458,0.03975570201873779,reported,,False,1
2026-08-09,320993,320994,na_null,natlsubpolar,constant,untrained,none,untrained-null,50,0,active,R_PICPOC,twin-anchor-machinery-check,geometric,0.4,0,0,,17.87695028163458,17.87695028163458,0.03975570201873779,reported,,False,1
2026-08-09,320993,320994,na_null,natlsubpolar,constant,untrained,none,untrained-null,50,0,active,R_PICPOC,twin-anchor-machinery-check,median,0.1,0,0,,17.795256814670534,17.795256814670534,0.03975570201873779,reported,,False,1
2026-08-09,320993,320994,na_null,natlsubpolar,constant,untrained,none,untrained-null,50,0,active,R_PICPOC,twin-anchor-machinery-check,median,0.2,0,0,,17.795256814670534,17.795256814670534,0.03975570201873779,reported,,False,1
2026-08-09,320993,320994,na_null,natlsubpolar,constant,untrained,none,untrained-null,50,0,active,R_PICPOC,twin-anchor-machinery-check,median,0.3,0,0,,17.795256814670534,17.795256814670534,0.03975570201873779,reported,,False,1
2026-08-09,320993,320994,na_null,natlsubpolar,constant,untrained,none,untrained-null,50,0,active,R_PICPOC,twin-anchor-machinery-check,median,0.4,0,0,,17.795256814670534,17.795256814670534,0.03975570201873779,reported,,False,1
2026-08-09,320993,320994,so_ee,southernoceanpac,constant,end,endpoint,matched-control,50,2,declared-on-zero-coverage,alpfe,boundary-diagnostic-only,arithmetic,0.1,,,,,,,gated,verify_run is non-zero; fitted counts and medians are not evidence,False,1
2026-08-09,320993,320994,so_ee,southernoceanpac,constant,end,endpoint,matched-control,50,2,declared-on-zero-coverage,alpfe,boundary-diagnostic-only,arithmetic,0.2,,,,,,,gated,verify_run is non-zero; fitted counts and medians are not evidence,False,1
2026-08-09,320993,320994,so_ee,southernoceanpac,constant,end,endpoint,matched-control,50,2,declared-on-zero-coverage,alpfe,boundary-diagnostic-only,arithmetic,0.3,,,,,,,gated,verify_run is non-zero; fitted counts and medians are not evidence,False,1
2026-08-09,320993,320994,so_ee,southernoceanpac,constant,end,endpoint,matched-control,50,2,declared-on-zero-coverage,alpfe,boundary-diagnostic-only,arithmetic,0.4,,,,,,,gated,verify_run is non-zero; fitted counts and medians are not evidence,False,1
2026-08-09,320993,320994,so_ee,southernoceanpac,constant,end,endpoint,matched-control,50,2,declared-on-zero-coverage,alpfe,boundary-diagnostic-only,geometric,0.1,,,,,,,gated,verify_run is non-zero; fitted counts and medians are not evidence,False,1
2026-08-09,320993,320994,so_ee,southernoceanpac,constant,end,endpoint,matched-control,50,2,declared-on-zero-coverage,alpfe,boundary-diagnostic-only,geometric,0.2,,,,,,,gated,verify_run is non-zero; fitted counts and medians are not evidence,False,1
2026-08-09,320993,320994,so_ee,southernoceanpac,constant,end,endpoint,matched-control,50,2,declared-on-zero-coverage,alpfe,boundary-diagnostic-only,geometric,0.3,,,,,,,gated,verify_run is non-zero; fitted counts and medians are not evidence,False,1
2026-08-09,320993,320994,so_ee,southernoceanpac,constant,end,endpoint,matched-control,50,2,declared-on-zero-coverage,alpfe,boundary-diagnostic-only,geometric,0.4,,,,,,,gated,verify_run is non-zero; fitted counts and medians are not evidence,False,1
2026-08-09,320993,320994,so_ee,southernoceanpac,constant,end,endpoint,matched-control,50,2,declared-on-zero-coverage,alpfe,boundary-diagnostic-only,median,0.1,,,,,,,gated,verify_run is non-zero; fitted counts and medians are not evidence,False,1
2026-08-09,320993,320994,so_ee,southernoceanpac,constant,end,endpoint,matched-control,50,2,declared-on-zero-coverage,alpfe,boundary-diagnostic-only,median,0.2,,,,,,,gated,verify_run is non-zero; fitted counts and medians are not evidence,False,1
2026-08-09,320993,320994,so_ee,southernoceanpac,constant,end,endpoint,matched-control,50,2,declared-on-zero-coverage,alpfe,boundary-diagnostic-only,median,0.3,,,,,,,gated,verify_run is non-zero; fitted counts and medians are not evidence,False,1
2026-08-09,320993,320994,so_ee,southernoceanpac,constant,end,endpoint,matched-control,50,2,declared-on-zero-coverage,alpfe,boundary-diagnostic-only,median,0.4,,,,,,,gated,verify_run is non-zero; fitted counts and medians are not evidence,False,1
2026-08-09,320993,320994,so_ee,southernoceanpac,constant,end,endpoint,matched-control,50,2,declared-on-zero-coverage,scav_rat,primary-inferential-target,arithmetic,0.1,,,,,,,gated,verify_run is non-zero; fitted counts and medians are not evidence,False,1
2026-08-09,320993,320994,so_ee,southernoceanpac,constant,end,endpoint,matched-control,50,2,declared-on-zero-coverage,scav_rat,primary-inferential-target,arithmetic,0.2,,,,,,,gated,verify_run is non-zero; fitted counts and medians are not evidence,False,1
2026-08-09,320993,320994,so_ee,southernoceanpac,constant,end,endpoint,matched-control,50,2,declared-on-zero-coverage,scav_rat,primary-inferential-target,arithmetic,0.3,,,,,,,gated,verify_run is non-zero; fitted counts and medians are not evidence,False,1
2026-08-09,320993,320994,so_ee,southernoceanpac,constant,end,endpoint,matched-control,50,2,declared-on-zero-coverage,scav_rat,primary-inferential-target,arithmetic,0.4,,,,,,,gated,verify_run is non-zero; fitted counts and medians are not evidence,False,1
2026-08-09,320993,320994,so_ee,southernoceanpac,constant,end,endpoint,matched-control,50,2,declared-on-zero-coverage,scav_rat,primary-inferential-target,geometric,0.1,,,,,,,gated,verify_run is non-zero; fitted counts and medians are not evidence,False,1
2026-08-09,320993,320994,so_ee,southernoceanpac,constant,end,endpoint,matched-control,50,2,declared-on-zero-coverage,scav_rat,primary-inferential-target,geometric,0.2,,,,,,,gated,verify_run is non-zero; fitted counts and medians are not evidence,False,1
2026-08-09,320993,320994,so_ee,southernoceanpac,constant,end,endpoint,matched-control,50,2,declared-on-zero-coverage,scav_rat,primary-inferential-target,geometric,0.3,,,,,,,gated,verify_run is non-zero; fitted counts and medians are not evidence,False,1
2026-08-09,320993,320994,so_ee,southernoceanpac,constant,end,endpoint,matched-control,50,2,declared-on-zero-coverage,scav_rat,primary-inferential-target,geometric,0.4,,,,,,,gated,verify_run is non-zero; fitted counts and medians are not evidence,False,1
2026-08-09,320993,320994,so_ee,southernoceanpac,constant,end,endpoint,matched-control,50,2,declared-on-zero-coverage,scav_rat,primary-inferential-target,median,0.1,,,,,,,gated,verify_run is non-zero; fitted counts and medians are not evidence,False,1
2026-08-09,320993,320994,so_ee,southernoceanpac,constant,end,endpoint,matched-control,50,2,declared-on-zero-coverage,scav_rat,primary-inferential-target,median,0.2,,,,,,,gated,verify_run is non-zero; fitted counts and medians are not evidence,False,1
2026-08-09,320993,320994,so_ee,southernoceanpac,constant,end,endpoint,matched-control,50,2,declared-on-zero-coverage,scav_rat,primary-inferential-target,median,0.3,,,,,,,gated,verify_run is non-zero; fitted counts and medians are not evidence,False,1
2026-08-09,320993,320994,so_ee,southernoceanpac,constant,end,endpoint,matched-control,50,2,declared-on-zero-coverage,scav_rat,primary-inferential-target,median,0.4,,,,,,,gated,verify_run is non-zero; fitted counts and medians are not evidence,False,1
2026-08-09,320993,320994,so_ee,southernoceanpac,constant,end,endpoint,matched-control,50,2,declared-on-zero-coverage,Smallgrow,excluded-by-construction,arithmetic,0.1,,,,,,,gated,verify_run is non-zero; fitted counts and medians are not evidence,False,1
2026-08-09,320993,320994,so_ee,southernoceanpac,constant,end,endpoint,matched-control,50,2,declared-on-zero-coverage,Smallgrow,excluded-by-construction,arithmetic,0.2,,,,,,,gated,verify_run is non-zero; fitted counts and medians are not evidence,False,1
2026-08-09,320993,320994,so_ee,southernoceanpac,constant,end,endpoint,matched-control,50,2,declared-on-zero-coverage,Smallgrow,excluded-by-construction,arithmetic,0.3,,,,,,,gated,verify_run is non-zero; fitted counts and medians are not evidence,False,1
2026-08-09,320993,320994,so_ee,southernoceanpac,constant,end,endpoint,matched-control,50,2,declared-on-zero-coverage,Smallgrow,excluded-by-construction,arithmetic,0.4,,,,,,,gated,verify_run is non-zero; fitted counts and medians are not evidence,False,1
2026-08-09,320993,320994,so_ee,southernoceanpac,constant,end,endpoint,matched-control,50,2,declared-on-zero-coverage,Smallgrow,excluded-by-construction,geometric,0.1,,,,,,,gated,verify_run is non-zero; fitted counts and medians are not evidence,False,1
2026-08-09,320993,320994,so_ee,southernoceanpac,constant,end,endpoint,matched-control,50,2,declared-on-zero-coverage,Smallgrow,excluded-by-construction,geometric,0.2,,,,,,,gated,verify_run is non-zero; fitted counts and medians are not evidence,False,1
2026-08-09,320993,320994,so_ee,southernoceanpac,constant,end,endpoint,matched-control,50,2,declared-on-zero-coverage,Smallgrow,excluded-by-construction,geometric,0.3,,,,,,,gated,verify_run is non-zero; fitted counts and medians are not evidence,False,1
2026-08-09,320993,320994,so_ee,southernoceanpac,constant,end,endpoint,matched-control,50,2,declared-on-zero-coverage,Smallgrow,excluded-by-construction,geometric,0.4,,,,,,,gated,verify_run is non-zero; fitted counts and medians are not evidence,False,1
2026-08-09,320993,320994,so_ee,southernoceanpac,constant,end,endpoint,matched-control,50,2,declared-on-zero-coverage,Smallgrow,excluded-by-construction,median,0.1,,,,,,,gated,verify_run is non-zero; fitted counts and medians are not evidence,False,1
2026-08-09,320993,320994,so_ee,southernoceanpac,constant,end,endpoint,matched-control,50,2,declared-on-zero-coverage,Smallgrow,excluded-by-construction,median,0.2,,,,,,,gated,verify_run is non-zero; fitted counts and medians are not evidence,False,1
2026-08-09,320993,320994,so_ee,southernoceanpac,constant,end,endpoint,matched-control,50,2,declared-on-zero-coverage,Smallgrow,excluded-by-construction,median,0.3,,,,,,,gated,verify_run is non-zero; fitted counts and medians are not evidence,False,1
2026-08-09,320993,320994,so_ee,southernoceanpac,constant,end,endpoint,matched-control,50,2,declared-on-zero-coverage,Smallgrow,excluded-by-construction,median,0.4,,,,,,,gated,verify_run is non-zero; fitted counts and medians are not evidence,False,1
2026-08-09,320993,320994,so_ee,southernoceanpac,constant,end,endpoint,matched-control,50,2,declared-on-zero-coverage,Biggrow,excluded-by-construction,arithmetic,0.1,,,,,,,gated,verify_run is non-zero; fitted counts and medians are not evidence,False,1
2026-08-09,320993,320994,so_ee,southernoceanpac,constant,end,endpoint,matched-control,50,2,declared-on-zero-coverage,Biggrow,excluded-by-construction,arithmetic,0.2,,,,,,,gated,verify_run is non-zero; fitted counts and medians are not evidence,False,1
2026-08-09,320993,320994,so_ee,southernoceanpac,constant,end,endpoint,matched-control,50,2,declared-on-zero-coverage,Biggrow,excluded-by-construction,arithmetic,0.3,,,,,,,gated,verify_run is non-zero; fitted counts and medians are not evidence,False,1
2026-08-09,320993,320994,so_ee,southernoceanpac,constant,end,endpoint,matched-control,50,2,declared-on-zero-coverage,Biggrow,excluded-by-construction,arithmetic,0.4,,,,,,,gated,verify_run is non-zero; fitted counts and medians are not evidence,False,1
2026-08-09,320993,320994,so_ee,southernoceanpac,constant,end,endpoint,matched-control,50,2,declared-on-zero-coverage,Biggrow,excluded-by-construction,geometric,0.1,,,,,,,gated,verify_run is non-zero; fitted counts and medians are not evidence,False,1
2026-08-09,320993,320994,so_ee,southernoceanpac,constant,end,endpoint,matched-control,50,2,declared-on-zero-coverage,Biggrow,excluded-by-construction,geometric,0.2,,,,,,,gated,verify_run is non-zero; fitted counts and medians are not evidence,False,1
2026-08-09,320993,320994,so_ee,southernoceanpac,constant,end,endpoint,matched-control,50,2,declared-on-zero-coverage,Biggrow,excluded-by-construction,geometric,0.3,,,,,,,gated,verify_run is non-zero; fitted counts and medians are not evidence,False,1
2026-08-09,320993,320994,so_ee,southernoceanpac,constant,end,endpoint,matched-control,50,2,declared-on-zero-coverage,Biggrow,excluded-by-construction,geometric,0.4,,,,,,,gated,verify_run is non-zero; fitted counts and medians are not evidence,False,1
2026-08-09,320993,320994,so_ee,southernoceanpac,constant,end,endpoint,matched-control,50,2,declared-on-zero-coverage,Biggrow,excluded-by-construction,median,0.1,,,,,,,gated,verify_run is non-zero; fitted counts and medians are not evidence,False,1
2026-08-09,320993,320994,so_ee,southernoceanpac,constant,end,endpoint,matched-control,50,2,declared-on-zero-coverage,Biggrow,excluded-by-construction,median,0.2,,,,,,,gated,verify_run is non-zero; fitted counts and medians are not evidence,False,1
2026-08-09,320993,320994,so_ee,southernoceanpac,constant,end,endpoint,matched-control,50,2,declared-on-zero-coverage,Biggrow,excluded-by-construction,median,0.3,,,,,,,gated,verify_run is non-zero; fitted counts and medians are not evidence,False,1
2026-08-09,320993,320994,so_ee,southernoceanpac,constant,end,endpoint,matched-control,50,2,declared-on-zero-coverage,Biggrow,excluded-by-construction,median,0.4,,,,,,,gated,verify_run is non-zero; fitted counts and medians are not evidence,False,1
2026-08-09,320993,320994,so_ee,southernoceanpac,constant,end,endpoint,matched-control,50,2,declared-on-zero-coverage,diatomgraz,excluded-from-loss-decision,arithmetic,0.1,,,,,,,gated,verify_run is non-zero; fitted counts and medians are not evidence,False,1
2026-08-09,320993,320994,so_ee,southernoceanpac,constant,end,endpoint,matched-control,50,2,declared-on-zero-coverage,diatomgraz,excluded-from-loss-decision,arithmetic,0.2,,,,,,,gated,verify_run is non-zero; fitted counts and medians are not evidence,False,1
2026-08-09,320993,320994,so_ee,southernoceanpac,constant,end,endpoint,matched-control,50,2,declared-on-zero-coverage,diatomgraz,excluded-from-loss-decision,arithmetic,0.3,,,,,,,gated,verify_run is non-zero; fitted counts and medians are not evidence,False,1
2026-08-09,320993,320994,so_ee,southernoceanpac,constant,end,endpoint,matched-control,50,2,declared-on-zero-coverage,diatomgraz,excluded-from-loss-decision,arithmetic,0.4,,,,,,,gated,verify_run is non-zero; fitted counts and medians are not evidence,False,1
2026-08-09,320993,320994,so_ee,southernoceanpac,constant,end,endpoint,matched-control,50,2,declared-on-zero-coverage,diatomgraz,excluded-from-loss-decision,geometric,0.1,,,,,,,gated,verify_run is non-zero; fitted counts and medians are not evidence,False,1
2026-08-09,320993,320994,so_ee,southernoceanpac,constant,end,endpoint,matched-control,50,2,declared-on-zero-coverage,diatomgraz,excluded-from-loss-decision,geometric,0.2,,,,,,,gated,verify_run is non-zero; fitted counts and medians are not evidence,False,1
2026-08-09,320993,320994,so_ee,southernoceanpac,constant,end,endpoint,matched-control,50,2,declared-on-zero-coverage,diatomgraz,excluded-from-loss-decision,geometric,0.3,,,,,,,gated,verify_run is non-zero; fitted counts and medians are not evidence,False,1
2026-08-09,320993,320994,so_ee,southernoceanpac,constant,end,endpoint,matched-control,50,2,declared-on-zero-coverage,diatomgraz,excluded-from-loss-decision,geometric,0.4,,,,,,,gated,verify_run is non-zero; fitted counts and medians are not evidence,False,1
2026-08-09,320993,320994,so_ee,southernoceanpac,constant,end,endpoint,matched-control,50,2,declared-on-zero-coverage,diatomgraz,excluded-from-loss-decision,median,0.1,,,,,,,gated,verify_run is non-zero; fitted counts and medians are not evidence,False,1
2026-08-09,320993,320994,so_ee,southernoceanpac,constant,end,endpoint,matched-control,50,2,declared-on-zero-coverage,diatomgraz,excluded-from-loss-decision,median,0.2,,,,,,,gated,verify_run is non-zero; fitted counts and medians are not evidence,False,1
2026-08-09,320993,320994,so_ee,southernoceanpac,constant,end,endpoint,matched-control,50,2,declared-on-zero-coverage,diatomgraz,excluded-from-loss-decision,median,0.3,,,,,,,gated,verify_run is non-zero; fitted counts and medians are not evidence,False,1
2026-08-09,320993,320994,so_ee,southernoceanpac,constant,end,endpoint,matched-control,50,2,declared-on-zero-coverage,diatomgraz,excluded-from-loss-decision,median,0.4,,,,,,,gated,verify_run is non-zero; fitted counts and medians are not evidence,False,1
2026-08-09,320993,320994,so_ee,southernoceanpac,constant,end,endpoint,matched-control,50,2,declared-on-zero-coverage,R_PICPOC,twin-anchor-machinery-check,arithmetic,0.1,,,,,,,gated,verify_run is non-zero; fitted counts and medians are not evidence,False,1
2026-08-09,320993,320994,so_ee,southernoceanpac,constant,end,endpoint,matched-control,50,2,declared-on-zero-coverage,R_PICPOC,twin-anchor-machinery-check,arithmetic,0.2,,,,,,,gated,verify_run is non-zero; fitted counts and medians are not evidence,False,1
2026-08-09,320993,320994,so_ee,southernoceanpac,constant,end,endpoint,matched-control,50,2,declared-on-zero-coverage,R_PICPOC,twin-anchor-machinery-check,arithmetic,0.3,,,,,,,gated,verify_run is non-zero; fitted counts and medians are not evidence,False,1
2026-08-09,320993,320994,so_ee,southernoceanpac,constant,end,endpoint,matched-control,50,2,declared-on-zero-coverage,R_PICPOC,twin-anchor-machinery-check,arithmetic,0.4,,,,,,,gated,verify_run is non-zero; fitted counts and medians are not evidence,False,1
2026-08-09,320993,320994,so_ee,southernoceanpac,constant,end,endpoint,matched-control,50,2,declared-on-zero-coverage,R_PICPOC,twin-anchor-machinery-check,geometric,0.1,,,,,,,gated,verify_run is non-zero; fitted counts and medians are not evidence,False,1
2026-08-09,320993,320994,so_ee,southernoceanpac,constant,end,endpoint,matched-control,50,2,declared-on-zero-coverage,R_PICPOC,twin-anchor-machinery-check,geometric,0.2,,,,,,,gated,verify_run is non-zero; fitted counts and medians are not evidence,False,1
2026-08-09,320993,320994,so_ee,southernoceanpac,constant,end,endpoint,matched-control,50,2,declared-on-zero-coverage,R_PICPOC,twin-anchor-machinery-check,geometric,0.3,,,,,,,gated,verify_run is non-zero; fitted counts and medians are not evidence,False,1
2026-08-09,320993,320994,so_ee,southernoceanpac,constant,end,endpoint,matched-control,50,2,declared-on-zero-coverage,R_PICPOC,twin-anchor-machinery-check,geometric,0.4,,,,,,,gated,verify_run is non-zero; fitted counts and medians are not evidence,False,1
2026-08-09,320993,320994,so_ee,southernoceanpac,constant,end,endpoint,matched-control,50,2,declared-on-zero-coverage,R_PICPOC,twin-anchor-machinery-check,median,0.1,,,,,,,gated,verify_run is non-zero; fitted counts and medians are not evidence,False,1
2026-08-09,320993,320994,so_ee,southernoceanpac,constant,end,endpoint,matched-control,50,2,declared-on-zero-coverage,R_PICPOC,twin-anchor-machinery-check,median,0.2,,,,,,,gated,verify_run is non-zero; fitted counts and medians are not evidence,False,1
2026-08-09,320993,320994,so_ee,southernoceanpac,constant,end,endpoint,matched-control,50,2,declared-on-zero-coverage,R_PICPOC,twin-anchor-machinery-check,median,0.3,,,,,,,gated,verify_run is non-zero; fitted counts and medians are not evidence,False,1
2026-08-09,320993,320994,so_ee,southernoceanpac,constant,end,endpoint,matched-control,50,2,declared-on-zero-coverage,R_PICPOC,twin-anchor-machinery-check,median,0.4,,,,,,,gated,verify_run is non-zero; fitted counts and medians are not evidence,False,1
2026-08-09,320993,320994,so_mm,southernoceanpac,constant,mean,time-mean,matched-control,50,2,declared-on-zero-coverage,alpfe,boundary-diagnostic-only,arithmetic,0.1,,,,,,,gated,verify_run is non-zero; fitted counts and medians are not evidence,False,1
2026-08-09,320993,320994,so_mm,southernoceanpac,constant,mean,time-mean,matched-control,50,2,declared-on-zero-coverage,alpfe,boundary-diagnostic-only,arithmetic,0.2,,,,,,,gated,verify_run is non-zero; fitted counts and medians are not evidence,False,1
2026-08-09,320993,320994,so_mm,southernoceanpac,constant,mean,time-mean,matched-control,50,2,declared-on-zero-coverage,alpfe,boundary-diagnostic-only,arithmetic,0.3,,,,,,,gated,verify_run is non-zero; fitted counts and medians are not evidence,False,1
2026-08-09,320993,320994,so_mm,southernoceanpac,constant,mean,time-mean,matched-control,50,2,declared-on-zero-coverage,alpfe,boundary-diagnostic-only,arithmetic,0.4,,,,,,,gated,verify_run is non-zero; fitted counts and medians are not evidence,False,1
2026-08-09,320993,320994,so_mm,southernoceanpac,constant,mean,time-mean,matched-control,50,2,declared-on-zero-coverage,alpfe,boundary-diagnostic-only,geometric,0.1,,,,,,,gated,verify_run is non-zero; fitted counts and medians are not evidence,False,1
2026-08-09,320993,320994,so_mm,southernoceanpac,constant,mean,time-mean,matched-control,50,2,declared-on-zero-coverage,alpfe,boundary-diagnostic-only,geometric,0.2,,,,,,,gated,verify_run is non-zero; fitted counts and medians are not evidence,False,1
2026-08-09,320993,320994,so_mm,southernoceanpac,constant,mean,time-mean,matched-control,50,2,declared-on-zero-coverage,alpfe,boundary-diagnostic-only,geometric,0.3,,,,,,,gated,verify_run is non-zero; fitted counts and medians are not evidence,False,1
2026-08-09,320993,320994,so_mm,southernoceanpac,constant,mean,time-mean,matched-control,50,2,declared-on-zero-coverage,alpfe,boundary-diagnostic-only,geometric,0.4,,,,,,,gated,verify_run is non-zero; fitted counts and medians are not evidence,False,1
2026-08-09,320993,320994,so_mm,southernoceanpac,constant,mean,time-mean,matched-control,50,2,declared-on-zero-coverage,alpfe,boundary-diagnostic-only,median,0.1,,,,,,,gated,verify_run is non-zero; fitted counts and medians are not evidence,False,1
2026-08-09,320993,320994,so_mm,southernoceanpac,constant,mean,time-mean,matched-control,50,2,declared-on-zero-coverage,alpfe,boundary-diagnostic-only,median,0.2,,,,,,,gated,verify_run is non-zero; fitted counts and medians are not evidence,False,1
2026-08-09,320993,320994,so_mm,southernoceanpac,constant,mean,time-mean,matched-control,50,2,declared-on-zero-coverage,alpfe,boundary-diagnostic-only,median,0.3,,,,,,,gated,verify_run is non-zero; fitted counts and medians are not evidence,False,1
2026-08-09,320993,320994,so_mm,southernoceanpac,constant,mean,time-mean,matched-control,50,2,declared-on-zero-coverage,alpfe,boundary-diagnostic-only,median,0.4,,,,,,,gated,verify_run is non-zero; fitted counts and medians are not evidence,False,1
2026-08-09,320993,320994,so_mm,southernoceanpac,constant,mean,time-mean,matched-control,50,2,declared-on-zero-coverage,scav_rat,primary-inferential-target,arithmetic,0.1,,,,,,,gated,verify_run is non-zero; fitted counts and medians are not evidence,False,1
2026-08-09,320993,320994,so_mm,southernoceanpac,constant,mean,time-mean,matched-control,50,2,declared-on-zero-coverage,scav_rat,primary-inferential-target,arithmetic,0.2,,,,,,,gated,verify_run is non-zero; fitted counts and medians are not evidence,False,1
2026-08-09,320993,320994,so_mm,southernoceanpac,constant,mean,time-mean,matched-control,50,2,declared-on-zero-coverage,scav_rat,primary-inferential-target,arithmetic,0.3,,,,,,,gated,verify_run is non-zero; fitted counts and medians are not evidence,False,1
2026-08-09,320993,320994,so_mm,southernoceanpac,constant,mean,time-mean,matched-control,50,2,declared-on-zero-coverage,scav_rat,primary-inferential-target,arithmetic,0.4,,,,,,,gated,verify_run is non-zero; fitted counts and medians are not evidence,False,1
2026-08-09,320993,320994,so_mm,southernoceanpac,constant,mean,time-mean,matched-control,50,2,declared-on-zero-coverage,scav_rat,primary-inferential-target,geometric,0.1,,,,,,,gated,verify_run is non-zero; fitted counts and medians are not evidence,False,1
2026-08-09,320993,320994,so_mm,southernoceanpac,constant,mean,time-mean,matched-control,50,2,declared-on-zero-coverage,scav_rat,primary-inferential-target,geometric,0.2,,,,,,,gated,verify_run is non-zero; fitted counts and medians are not evidence,False,1
2026-08-09,320993,320994,so_mm,southernoceanpac,constant,mean,time-mean,matched-control,50,2,declared-on-zero-coverage,scav_rat,primary-inferential-target,geometric,0.3,,,,,,,gated,verify_run is non-zero; fitted counts and medians are not evidence,False,1
2026-08-09,320993,320994,so_mm,southernoceanpac,constant,mean,time-mean,matched-control,50,2,declared-on-zero-coverage,scav_rat,primary-inferential-target,geometric,0.4,,,,,,,gated,verify_run is non-zero; fitted counts and medians are not evidence,False,1
2026-08-09,320993,320994,so_mm,southernoceanpac,constant,mean,time-mean,matched-control,50,2,declared-on-zero-coverage,scav_rat,primary-inferential-target,median,0.1,,,,,,,gated,verify_run is non-zero; fitted counts and medians are not evidence,False,1
2026-08-09,320993,320994,so_mm,southernoceanpac,constant,mean,time-mean,matched-control,50,2,declared-on-zero-coverage,scav_rat,primary-inferential-target,median,0.2,,,,,,,gated,verify_run is non-zero; fitted counts and medians are not evidence,False,1
2026-08-09,320993,320994,so_mm,southernoceanpac,constant,mean,time-mean,matched-control,50,2,declared-on-zero-coverage,scav_rat,primary-inferential-target,median,0.3,,,,,,,gated,verify_run is non-zero; fitted counts and medians are not evidence,False,1
2026-08-09,320993,320994,so_mm,southernoceanpac,constant,mean,time-mean,matched-control,50,2,declared-on-zero-coverage,scav_rat,primary-inferential-target,median,0.4,,,,,,,gated,verify_run is non-zero; fitted counts and medians are not evidence,False,1
2026-08-09,320993,320994,so_mm,southernoceanpac,constant,mean,time-mean,matched-control,50,2,declared-on-zero-coverage,Smallgrow,excluded-by-construction,arithmetic,0.1,,,,,,,gated,verify_run is non-zero; fitted counts and medians are not evidence,False,1
2026-08-09,320993,320994,so_mm,southernoceanpac,constant,mean,time-mean,matched-control,50,2,declared-on-zero-coverage,Smallgrow,excluded-by-construction,arithmetic,0.2,,,,,,,gated,verify_run is non-zero; fitted counts and medians are not evidence,False,1
2026-08-09,320993,320994,so_mm,southernoceanpac,constant,mean,time-mean,matched-control,50,2,declared-on-zero-coverage,Smallgrow,excluded-by-construction,arithmetic,0.3,,,,,,,gated,verify_run is non-zero; fitted counts and medians are not evidence,False,1
2026-08-09,320993,320994,so_mm,southernoceanpac,constant,mean,time-mean,matched-control,50,2,declared-on-zero-coverage,Smallgrow,excluded-by-construction,arithmetic,0.4,,,,,,,gated,verify_run is non-zero; fitted counts and medians are not evidence,False,1
2026-08-09,320993,320994,so_mm,southernoceanpac,constant,mean,time-mean,matched-control,50,2,declared-on-zero-coverage,Smallgrow,excluded-by-construction,geometric,0.1,,,,,,,gated,verify_run is non-zero; fitted counts and medians are not evidence,False,1
2026-08-09,320993,320994,so_mm,southernoceanpac,constant,mean,time-mean,matched-control,50,2,declared-on-zero-coverage,Smallgrow,excluded-by-construction,geometric,0.2,,,,,,,gated,verify_run is non-zero; fitted counts and medians are not evidence,False,1
2026-08-09,320993,320994,so_mm,southernoceanpac,constant,mean,time-mean,matched-control,50,2,declared-on-zero-coverage,Smallgrow,excluded-by-construction,geometric,0.3,,,,,,,gated,verify_run is non-zero; fitted counts and medians are not evidence,False,1
2026-08-09,320993,320994,so_mm,southernoceanpac,constant,mean,time-mean,matched-control,50,2,declared-on-zero-coverage,Smallgrow,excluded-by-construction,geometric,0.4,,,,,,,gated,verify_run is non-zero; fitted counts and medians are not evidence,False,1
2026-08-09,320993,320994,so_mm,southernoceanpac,constant,mean,time-mean,matched-control,50,2,declared-on-zero-coverage,Smallgrow,excluded-by-construction,median,0.1,,,,,,,gated,verify_run is non-zero; fitted counts and medians are not evidence,False,1
2026-08-09,320993,320994,so_mm,southernoceanpac,constant,mean,time-mean,matched-control,50,2,declared-on-zero-coverage,Smallgrow,excluded-by-construction,median,0.2,,,,,,,gated,verify_run is non-zero; fitted counts and medians are not evidence,False,1
2026-08-09,320993,320994,so_mm,southernoceanpac,constant,mean,time-mean,matched-control,50,2,declared-on-zero-coverage,Smallgrow,excluded-by-construction,median,0.3,,,,,,,gated,verify_run is non-zero; fitted counts and medians are not evidence,False,1
2026-08-09,320993,320994,so_mm,southernoceanpac,constant,mean,time-mean,matched-control,50,2,declared-on-zero-coverage,Smallgrow,excluded-by-construction,median,0.4,,,,,,,gated,verify_run is non-zero; fitted counts and medians are not evidence,False,1
2026-08-09,320993,320994,so_mm,southernoceanpac,constant,mean,time-mean,matched-control,50,2,declared-on-zero-coverage,Biggrow,excluded-by-construction,arithmetic,0.1,,,,,,,gated,verify_run is non-zero; fitted counts and medians are not evidence,False,1
2026-08-09,320993,320994,so_mm,southernoceanpac,constant,mean,time-mean,matched-control,50,2,declared-on-zero-coverage,Biggrow,excluded-by-construction,arithmetic,0.2,,,,,,,gated,verify_run is non-zero; fitted counts and medians are not evidence,False,1
2026-08-09,320993,320994,so_mm,southernoceanpac,constant,mean,time-mean,matched-control,50,2,declared-on-zero-coverage,Biggrow,excluded-by-construction,arithmetic,0.3,,,,,,,gated,verify_run is non-zero; fitted counts and medians are not evidence,False,1
2026-08-09,320993,320994,so_mm,southernoceanpac,constant,mean,time-mean,matched-control,50,2,declared-on-zero-coverage,Biggrow,excluded-by-construction,arithmetic,0.4,,,,,,,gated,verify_run is non-zero; fitted counts and medians are not evidence,False,1
2026-08-09,320993,320994,so_mm,southernoceanpac,constant,mean,time-mean,matched-control,50,2,declared-on-zero-coverage,Biggrow,excluded-by-construction,geometric,0.1,,,,,,,gated,verify_run is non-zero; fitted counts and medians are not evidence,False,1
2026-08-09,320993,320994,so_mm,southernoceanpac,constant,mean,time-mean,matched-control,50,2,declared-on-zero-coverage,Biggrow,excluded-by-construction,geometric,0.2,,,,,,,gated,verify_run is non-zero; fitted counts and medians are not evidence,False,1
2026-08-09,320993,320994,so_mm,southernoceanpac,constant,mean,time-mean,matched-control,50,2,declared-on-zero-coverage,Biggrow,excluded-by-construction,geometric,0.3,,,,,,,gated,verify_run is non-zero; fitted counts and medians are not evidence,False,1
2026-08-09,320993,320994,so_mm,southernoceanpac,constant,mean,time-mean,matched-control,50,2,declared-on-zero-coverage,Biggrow,excluded-by-construction,geometric,0.4,,,,,,,gated,verify_run is non-zero; fitted counts and medians are not evidence,False,1
2026-08-09,320993,320994,so_mm,southernoceanpac,constant,mean,time-mean,matched-control,50,2,declared-on-zero-coverage,Biggrow,excluded-by-construction,median,0.1,,,,,,,gated,verify_run is non-zero; fitted counts and medians are not evidence,False,1
2026-08-09,320993,320994,so_mm,southernoceanpac,constant,mean,time-mean,matched-control,50,2,declared-on-zero-coverage,Biggrow,excluded-by-construction,median,0.2,,,,,,,gated,verify_run is non-zero; fitted counts and medians are not evidence,False,1
2026-08-09,320993,320994,so_mm,southernoceanpac,constant,mean,time-mean,matched-control,50,2,declared-on-zero-coverage,Biggrow,excluded-by-construction,median,0.3,,,,,,,gated,verify_run is non-zero; fitted counts and medians are not evidence,False,1
2026-08-09,320993,320994,so_mm,southernoceanpac,constant,mean,time-mean,matched-control,50,2,declared-on-zero-coverage,Biggrow,excluded-by-construction,median,0.4,,,,,,,gated,verify_run is non-zero; fitted counts and medians are not evidence,False,1
2026-08-09,320993,320994,so_mm,southernoceanpac,constant,mean,time-mean,matched-control,50,2,declared-on-zero-coverage,diatomgraz,excluded-from-loss-decision,arithmetic,0.1,,,,,,,gated,verify_run is non-zero; fitted counts and medians are not evidence,False,1
2026-08-09,320993,320994,so_mm,southernoceanpac,constant,mean,time-mean,matched-control,50,2,declared-on-zero-coverage,diatomgraz,excluded-from-loss-decision,arithmetic,0.2,,,,,,,gated,verify_run is non-zero; fitted counts and medians are not evidence,False,1
2026-08-09,320993,320994,so_mm,southernoceanpac,constant,mean,time-mean,matched-control,50,2,declared-on-zero-coverage,diatomgraz,excluded-from-loss-decision,arithmetic,0.3,,,,,,,gated,verify_run is non-zero; fitted counts and medians are not evidence,False,1
2026-08-09,320993,320994,so_mm,southernoceanpac,constant,mean,time-mean,matched-control,50,2,declared-on-zero-coverage,diatomgraz,excluded-from-loss-decision,arithmetic,0.4,,,,,,,gated,verify_run is non-zero; fitted counts and medians are not evidence,False,1
2026-08-09,320993,320994,so_mm,southernoceanpac,constant,mean,time-mean,matched-control,50,2,declared-on-zero-coverage,diatomgraz,excluded-from-loss-decision,geometric,0.1,,,,,,,gated,verify_run is non-zero; fitted counts and medians are not evidence,False,1
2026-08-09,320993,320994,so_mm,southernoceanpac,constant,mean,time-mean,matched-control,50,2,declared-on-zero-coverage,diatomgraz,excluded-from-loss-decision,geometric,0.2,,,,,,,gated,verify_run is non-zero; fitted counts and medians are not evidence,False,1
2026-08-09,320993,320994,so_mm,southernoceanpac,constant,mean,time-mean,matched-control,50,2,declared-on-zero-coverage,diatomgraz,excluded-from-loss-decision,geometric,0.3,,,,,,,gated,verify_run is non-zero; fitted counts and medians are not evidence,False,1
2026-08-09,320993,320994,so_mm,southernoceanpac,constant,mean,time-mean,matched-control,50,2,declared-on-zero-coverage,diatomgraz,excluded-from-loss-decision,geometric,0.4,,,,,,,gated,verify_run is non-zero; fitted counts and medians are not evidence,False,1
2026-08-09,320993,320994,so_mm,southernoceanpac,constant,mean,time-mean,matched-control,50,2,declared-on-zero-coverage,diatomgraz,excluded-from-loss-decision,median,0.1,,,,,,,gated,verify_run is non-zero; fitted counts and medians are not evidence,False,1
2026-08-09,320993,320994,so_mm,southernoceanpac,constant,mean,time-mean,matched-control,50,2,declared-on-zero-coverage,diatomgraz,excluded-from-loss-decision,median,0.2,,,,,,,gated,verify_run is non-zero; fitted counts and medians are not evidence,False,1
2026-08-09,320993,320994,so_mm,southernoceanpac,constant,mean,time-mean,matched-control,50,2,declared-on-zero-coverage,diatomgraz,excluded-from-loss-decision,median,0.3,,,,,,,gated,verify_run is non-zero; fitted counts and medians are not evidence,False,1
2026-08-09,320993,320994,so_mm,southernoceanpac,constant,mean,time-mean,matched-control,50,2,declared-on-zero-coverage,diatomgraz,excluded-from-loss-decision,median,0.4,,,,,,,gated,verify_run is non-zero; fitted counts and medians are not evidence,False,1
2026-08-09,320993,320994,so_mm,southernoceanpac,constant,mean,time-mean,matched-control,50,2,declared-on-zero-coverage,R_PICPOC,twin-anchor-machinery-check,arithmetic,0.1,,,,,,,gated,verify_run is non-zero; fitted counts and medians are not evidence,False,1
2026-08-09,320993,320994,so_mm,southernoceanpac,constant,mean,time-mean,matched-control,50,2,declared-on-zero-coverage,R_PICPOC,twin-anchor-machinery-check,arithmetic,0.2,,,,,,,gated,verify_run is non-zero; fitted counts and medians are not evidence,False,1
2026-08-09,320993,320994,so_mm,southernoceanpac,constant,mean,time-mean,matched-control,50,2,declared-on-zero-coverage,R_PICPOC,twin-anchor-machinery-check,arithmetic,0.3,,,,,,,gated,verify_run is non-zero; fitted counts and medians are not evidence,False,1
2026-08-09,320993,320994,so_mm,southernoceanpac,constant,mean,time-mean,matched-control,50,2,declared-on-zero-coverage,R_PICPOC,twin-anchor-machinery-check,arithmetic,0.4,,,,,,,gated,verify_run is non-zero; fitted counts and medians are not evidence,False,1
2026-08-09,320993,320994,so_mm,southernoceanpac,constant,mean,time-mean,matched-control,50,2,declared-on-zero-coverage,R_PICPOC,twin-anchor-machinery-check,geometric,0.1,,,,,,,gated,verify_run is non-zero; fitted counts and medians are not evidence,False,1
2026-08-09,320993,320994,so_mm,southernoceanpac,constant,mean,time-mean,matched-control,50,2,declared-on-zero-coverage,R_PICPOC,twin-anchor-machinery-check,geometric,0.2,,,,,,,gated,verify_run is non-zero; fitted counts and medians are not evidence,False,1
2026-08-09,320993,320994,so_mm,southernoceanpac,constant,mean,time-mean,matched-control,50,2,declared-on-zero-coverage,R_PICPOC,twin-anchor-machinery-check,geometric,0.3,,,,,,,gated,verify_run is non-zero; fitted counts and medians are not evidence,False,1
2026-08-09,320993,320994,so_mm,southernoceanpac,constant,mean,time-mean,matched-control,50,2,declared-on-zero-coverage,R_PICPOC,twin-anchor-machinery-check,geometric,0.4,,,,,,,gated,verify_run is non-zero; fitted counts and medians are not evidence,False,1
2026-08-09,320993,320994,so_mm,southernoceanpac,constant,mean,time-mean,matched-control,50,2,declared-on-zero-coverage,R_PICPOC,twin-anchor-machinery-check,median,0.1,,,,,,,gated,verify_run is non-zero; fitted counts and medians are not evidence,False,1
2026-08-09,320993,320994,so_mm,southernoceanpac,constant,mean,time-mean,matched-control,50,2,declared-on-zero-coverage,R_PICPOC,twin-anchor-machinery-check,median,0.2,,,,,,,gated,verify_run is non-zero; fitted counts and medians are not evidence,False,1
2026-08-09,320993,320994,so_mm,southernoceanpac,constant,mean,time-mean,matched-control,50,2,declared-on-zero-coverage,R_PICPOC,twin-anchor-machinery-check,median,0.3,,,,,,,gated,verify_run is non-zero; fitted counts and medians are not evidence,False,1
2026-08-09,320993,320994,so_mm,southernoceanpac,constant,mean,time-mean,matched-control,50,2,declared-on-zero-coverage,R_PICPOC,twin-anchor-machinery-check,median,0.4,,,,,,,gated,verify_run is non-zero; fitted counts and medians are not evidence,False,1
2026-08-09,320993,320994,so_le,southernoceanpac,constant,long,endpoint,decisive,50,2,declared-on-zero-coverage,alpfe,boundary-diagnostic-only,arithmetic,0.1,,,,,,,gated,verify_run is non-zero; fitted counts and medians are not evidence,False,1
2026-08-09,320993,320994,so_le,southernoceanpac,constant,long,endpoint,decisive,50,2,declared-on-zero-coverage,alpfe,boundary-diagnostic-only,arithmetic,0.2,,,,,,,gated,verify_run is non-zero; fitted counts and medians are not evidence,False,1
2026-08-09,320993,320994,so_le,southernoceanpac,constant,long,endpoint,decisive,50,2,declared-on-zero-coverage,alpfe,boundary-diagnostic-only,arithmetic,0.3,,,,,,,gated,verify_run is non-zero; fitted counts and medians are not evidence,False,1
2026-08-09,320993,320994,so_le,southernoceanpac,constant,long,endpoint,decisive,50,2,declared-on-zero-coverage,alpfe,boundary-diagnostic-only,arithmetic,0.4,,,,,,,gated,verify_run is non-zero; fitted counts and medians are not evidence,False,1
2026-08-09,320993,320994,so_le,southernoceanpac,constant,long,endpoint,decisive,50,2,declared-on-zero-coverage,alpfe,boundary-diagnostic-only,geometric,0.1,,,,,,,gated,verify_run is non-zero; fitted counts and medians are not evidence,False,1
2026-08-09,320993,320994,so_le,southernoceanpac,constant,long,endpoint,decisive,50,2,declared-on-zero-coverage,alpfe,boundary-diagnostic-only,geometric,0.2,,,,,,,gated,verify_run is non-zero; fitted counts and medians are not evidence,False,1
2026-08-09,320993,320994,so_le,southernoceanpac,constant,long,endpoint,decisive,50,2,declared-on-zero-coverage,alpfe,boundary-diagnostic-only,geometric,0.3,,,,,,,gated,verify_run is non-zero; fitted counts and medians are not evidence,False,1
2026-08-09,320993,320994,so_le,southernoceanpac,constant,long,endpoint,decisive,50,2,declared-on-zero-coverage,alpfe,boundary-diagnostic-only,geometric,0.4,,,,,,,gated,verify_run is non-zero; fitted counts and medians are not evidence,False,1
2026-08-09,320993,320994,so_le,southernoceanpac,constant,long,endpoint,decisive,50,2,declared-on-zero-coverage,alpfe,boundary-diagnostic-only,median,0.1,,,,,,,gated,verify_run is non-zero; fitted counts and medians are not evidence,False,1
2026-08-09,320993,320994,so_le,southernoceanpac,constant,long,endpoint,decisive,50,2,declared-on-zero-coverage,alpfe,boundary-diagnostic-only,median,0.2,,,,,,,gated,verify_run is non-zero; fitted counts and medians are not evidence,False,1
2026-08-09,320993,320994,so_le,southernoceanpac,constant,long,endpoint,decisive,50,2,declared-on-zero-coverage,alpfe,boundary-diagnostic-only,median,0.3,,,,,,,gated,verify_run is non-zero; fitted counts and medians are not evidence,False,1
2026-08-09,320993,320994,so_le,southernoceanpac,constant,long,endpoint,decisive,50,2,declared-on-zero-coverage,alpfe,boundary-diagnostic-only,median,0.4,,,,,,,gated,verify_run is non-zero; fitted counts and medians are not evidence,False,1
2026-08-09,320993,320994,so_le,southernoceanpac,constant,long,endpoint,decisive,50,2,declared-on-zero-coverage,scav_rat,primary-inferential-target,arithmetic,0.1,,,,,,,gated,verify_run is non-zero; fitted counts and medians are not evidence,False,1
2026-08-09,320993,320994,so_le,southernoceanpac,constant,long,endpoint,decisive,50,2,declared-on-zero-coverage,scav_rat,primary-inferential-target,arithmetic,0.2,,,,,,,gated,verify_run is non-zero; fitted counts and medians are not evidence,False,1
2026-08-09,320993,320994,so_le,southernoceanpac,constant,long,endpoint,decisive,50,2,declared-on-zero-coverage,scav_rat,primary-inferential-target,arithmetic,0.3,,,,,,,gated,verify_run is non-zero; fitted counts and medians are not evidence,False,1
2026-08-09,320993,320994,so_le,southernoceanpac,constant,long,endpoint,decisive,50,2,declared-on-zero-coverage,scav_rat,primary-inferential-target,arithmetic,0.4,,,,,,,gated,verify_run is non-zero; fitted counts and medians are not evidence,False,1
2026-08-09,320993,320994,so_le,southernoceanpac,constant,long,endpoint,decisive,50,2,declared-on-zero-coverage,scav_rat,primary-inferential-target,geometric,0.1,,,,,,,gated,verify_run is non-zero; fitted counts and medians are not evidence,False,1
2026-08-09,320993,320994,so_le,southernoceanpac,constant,long,endpoint,decisive,50,2,declared-on-zero-coverage,scav_rat,primary-inferential-target,geometric,0.2,,,,,,,gated,verify_run is non-zero; fitted counts and medians are not evidence,False,1
2026-08-09,320993,320994,so_le,southernoceanpac,constant,long,endpoint,decisive,50,2,declared-on-zero-coverage,scav_rat,primary-inferential-target,geometric,0.3,,,,,,,gated,verify_run is non-zero; fitted counts and medians are not evidence,False,1
2026-08-09,320993,320994,so_le,southernoceanpac,constant,long,endpoint,decisive,50,2,declared-on-zero-coverage,scav_rat,primary-inferential-target,geometric,0.4,,,,,,,gated,verify_run is non-zero; fitted counts and medians are not evidence,False,1
2026-08-09,320993,320994,so_le,southernoceanpac,constant,long,endpoint,decisive,50,2,declared-on-zero-coverage,scav_rat,primary-inferential-target,median,0.1,,,,,,,gated,verify_run is non-zero; fitted counts and medians are not evidence,False,1
2026-08-09,320993,320994,so_le,southernoceanpac,constant,long,endpoint,decisive,50,2,declared-on-zero-coverage,scav_rat,primary-inferential-target,median,0.2,,,,,,,gated,verify_run is non-zero; fitted counts and medians are not evidence,False,1
2026-08-09,320993,320994,so_le,southernoceanpac,constant,long,endpoint,decisive,50,2,declared-on-zero-coverage,scav_rat,primary-inferential-target,median,0.3,,,,,,,gated,verify_run is non-zero; fitted counts and medians are not evidence,False,1
2026-08-09,320993,320994,so_le,southernoceanpac,constant,long,endpoint,decisive,50,2,declared-on-zero-coverage,scav_rat,primary-inferential-target,median,0.4,,,,,,,gated,verify_run is non-zero; fitted counts and medians are not evidence,False,1
2026-08-09,320993,320994,so_le,southernoceanpac,constant,long,endpoint,decisive,50,2,declared-on-zero-coverage,Smallgrow,excluded-by-construction,arithmetic,0.1,,,,,,,gated,verify_run is non-zero; fitted counts and medians are not evidence,False,1
2026-08-09,320993,320994,so_le,southernoceanpac,constant,long,endpoint,decisive,50,2,declared-on-zero-coverage,Smallgrow,excluded-by-construction,arithmetic,0.2,,,,,,,gated,verify_run is non-zero; fitted counts and medians are not evidence,False,1
2026-08-09,320993,320994,so_le,southernoceanpac,constant,long,endpoint,decisive,50,2,declared-on-zero-coverage,Smallgrow,excluded-by-construction,arithmetic,0.3,,,,,,,gated,verify_run is non-zero; fitted counts and medians are not evidence,False,1
2026-08-09,320993,320994,so_le,southernoceanpac,constant,long,endpoint,decisive,50,2,declared-on-zero-coverage,Smallgrow,excluded-by-construction,arithmetic,0.4,,,,,,,gated,verify_run is non-zero; fitted counts and medians are not evidence,False,1
2026-08-09,320993,320994,so_le,southernoceanpac,constant,long,endpoint,decisive,50,2,declared-on-zero-coverage,Smallgrow,excluded-by-construction,geometric,0.1,,,,,,,gated,verify_run is non-zero; fitted counts and medians are not evidence,False,1
2026-08-09,320993,320994,so_le,southernoceanpac,constant,long,endpoint,decisive,50,2,declared-on-zero-coverage,Smallgrow,excluded-by-construction,geometric,0.2,,,,,,,gated,verify_run is non-zero; fitted counts and medians are not evidence,False,1
2026-08-09,320993,320994,so_le,southernoceanpac,constant,long,endpoint,decisive,50,2,declared-on-zero-coverage,Smallgrow,excluded-by-construction,geometric,0.3,,,,,,,gated,verify_run is non-zero; fitted counts and medians are not evidence,False,1
2026-08-09,320993,320994,so_le,southernoceanpac,constant,long,endpoint,decisive,50,2,declared-on-zero-coverage,Smallgrow,excluded-by-construction,geometric,0.4,,,,,,,gated,verify_run is non-zero; fitted counts and medians are not evidence,False,1
2026-08-09,320993,320994,so_le,southernoceanpac,constant,long,endpoint,decisive,50,2,declared-on-zero-coverage,Smallgrow,excluded-by-construction,median,0.1,,,,,,,gated,verify_run is non-zero; fitted counts and medians are not evidence,False,1
2026-08-09,320993,320994,so_le,southernoceanpac,constant,long,endpoint,decisive,50,2,declared-on-zero-coverage,Smallgrow,excluded-by-construction,median,0.2,,,,,,,gated,verify_run is non-zero; fitted counts and medians are not evidence,False,1
2026-08-09,320993,320994,so_le,southernoceanpac,constant,long,endpoint,decisive,50,2,declared-on-zero-coverage,Smallgrow,excluded-by-construction,median,0.3,,,,,,,gated,verify_run is non-zero; fitted counts and medians are not evidence,False,1
2026-08-09,320993,320994,so_le,southernoceanpac,constant,long,endpoint,decisive,50,2,declared-on-zero-coverage,Smallgrow,excluded-by-construction,median,0.4,,,,,,,gated,verify_run is non-zero; fitted counts and medians are not evidence,False,1
2026-08-09,320993,320994,so_le,southernoceanpac,constant,long,endpoint,decisive,50,2,declared-on-zero-coverage,Biggrow,excluded-by-construction,arithmetic,0.1,,,,,,,gated,verify_run is non-zero; fitted counts and medians are not evidence,False,1
2026-08-09,320993,320994,so_le,southernoceanpac,constant,long,endpoint,decisive,50,2,declared-on-zero-coverage,Biggrow,excluded-by-construction,arithmetic,0.2,,,,,,,gated,verify_run is non-zero; fitted counts and medians are not evidence,False,1
2026-08-09,320993,320994,so_le,southernoceanpac,constant,long,endpoint,decisive,50,2,declared-on-zero-coverage,Biggrow,excluded-by-construction,arithmetic,0.3,,,,,,,gated,verify_run is non-zero; fitted counts and medians are not evidence,False,1
2026-08-09,320993,320994,so_le,southernoceanpac,constant,long,endpoint,decisive,50,2,declared-on-zero-coverage,Biggrow,excluded-by-construction,arithmetic,0.4,,,,,,,gated,verify_run is non-zero; fitted counts and medians are not evidence,False,1
2026-08-09,320993,320994,so_le,southernoceanpac,constant,long,endpoint,decisive,50,2,declared-on-zero-coverage,Biggrow,excluded-by-construction,geometric,0.1,,,,,,,gated,verify_run is non-zero; fitted counts and medians are not evidence,False,1
2026-08-09,320993,320994,so_le,southernoceanpac,constant,long,endpoint,decisive,50,2,declared-on-zero-coverage,Biggrow,excluded-by-construction,geometric,0.2,,,,,,,gated,verify_run is non-zero; fitted counts and medians are not evidence,False,1
2026-08-09,320993,320994,so_le,southernoceanpac,constant,long,endpoint,decisive,50,2,declared-on-zero-coverage,Biggrow,excluded-by-construction,geometric,0.3,,,,,,,gated,verify_run is non-zero; fitted counts and medians are not evidence,False,1
2026-08-09,320993,320994,so_le,southernoceanpac,constant,long,endpoint,decisive,50,2,declared-on-zero-coverage,Biggrow,excluded-by-construction,geometric,0.4,,,,,,,gated,verify_run is non-zero; fitted counts and medians are not evidence,False,1
2026-08-09,320993,320994,so_le,southernoceanpac,constant,long,endpoint,decisive,50,2,declared-on-zero-coverage,Biggrow,excluded-by-construction,median,0.1,,,,,,,gated,verify_run is non-zero; fitted counts and medians are not evidence,False,1
2026-08-09,320993,320994,so_le,southernoceanpac,constant,long,endpoint,decisive,50,2,declared-on-zero-coverage,Biggrow,excluded-by-construction,median,0.2,,,,,,,gated,verify_run is non-zero; fitted counts and medians are not evidence,False,1
2026-08-09,320993,320994,so_le,southernoceanpac,constant,long,endpoint,decisive,50,2,declared-on-zero-coverage,Biggrow,excluded-by-construction,median,0.3,,,,,,,gated,verify_run is non-zero; fitted counts and medians are not evidence,False,1
2026-08-09,320993,320994,so_le,southernoceanpac,constant,long,endpoint,decisive,50,2,declared-on-zero-coverage,Biggrow,excluded-by-construction,median,0.4,,,,,,,gated,verify_run is non-zero; fitted counts and medians are not evidence,False,1
2026-08-09,320993,320994,so_le,southernoceanpac,constant,long,endpoint,decisive,50,2,declared-on-zero-coverage,diatomgraz,excluded-from-loss-decision,arithmetic,0.1,,,,,,,gated,verify_run is non-zero; fitted counts and medians are not evidence,False,1
2026-08-09,320993,320994,so_le,southernoceanpac,constant,long,endpoint,decisive,50,2,declared-on-zero-coverage,diatomgraz,excluded-from-loss-decision,arithmetic,0.2,,,,,,,gated,verify_run is non-zero; fitted counts and medians are not evidence,False,1
2026-08-09,320993,320994,so_le,southernoceanpac,constant,long,endpoint,decisive,50,2,declared-on-zero-coverage,diatomgraz,excluded-from-loss-decision,arithmetic,0.3,,,,,,,gated,verify_run is non-zero; fitted counts and medians are not evidence,False,1
2026-08-09,320993,320994,so_le,southernoceanpac,constant,long,endpoint,decisive,50,2,declared-on-zero-coverage,diatomgraz,excluded-from-loss-decision,arithmetic,0.4,,,,,,,gated,verify_run is non-zero; fitted counts and medians are not evidence,False,1
2026-08-09,320993,320994,so_le,southernoceanpac,constant,long,endpoint,decisive,50,2,declared-on-zero-coverage,diatomgraz,excluded-from-loss-decision,geometric,0.1,,,,,,,gated,verify_run is non-zero; fitted counts and medians are not evidence,False,1
2026-08-09,320993,320994,so_le,southernoceanpac,constant,long,endpoint,decisive,50,2,declared-on-zero-coverage,diatomgraz,excluded-from-loss-decision,geometric,0.2,,,,,,,gated,verify_run is non-zero; fitted counts and medians are not evidence,False,1
2026-08-09,320993,320994,so_le,southernoceanpac,constant,long,endpoint,decisive,50,2,declared-on-zero-coverage,diatomgraz,excluded-from-loss-decision,geometric,0.3,,,,,,,gated,verify_run is non-zero; fitted counts and medians are not evidence,False,1
2026-08-09,320993,320994,so_le,southernoceanpac,constant,long,endpoint,decisive,50,2,declared-on-zero-coverage,diatomgraz,excluded-from-loss-decision,geometric,0.4,,,,,,,gated,verify_run is non-zero; fitted counts and medians are not evidence,False,1
2026-08-09,320993,320994,so_le,southernoceanpac,constant,long,endpoint,decisive,50,2,declared-on-zero-coverage,diatomgraz,excluded-from-loss-decision,median,0.1,,,,,,,gated,verify_run is non-zero; fitted counts and medians are not evidence,False,1
2026-08-09,320993,320994,so_le,southernoceanpac,constant,long,endpoint,decisive,50,2,declared-on-zero-coverage,diatomgraz,excluded-from-loss-decision,median,0.2,,,,,,,gated,verify_run is non-zero; fitted counts and medians are not evidence,False,1
2026-08-09,320993,320994,so_le,southernoceanpac,constant,long,endpoint,decisive,50,2,declared-on-zero-coverage,diatomgraz,excluded-from-loss-decision,median,0.3,,,,,,,gated,verify_run is non-zero; fitted counts and medians are not evidence,False,1
2026-08-09,320993,320994,so_le,southernoceanpac,constant,long,endpoint,decisive,50,2,declared-on-zero-coverage,diatomgraz,excluded-from-loss-decision,median,0.4,,,,,,,gated,verify_run is non-zero; fitted counts and medians are not evidence,False,1
2026-08-09,320993,320994,so_le,southernoceanpac,constant,long,endpoint,decisive,50,2,declared-on-zero-coverage,R_PICPOC,twin-anchor-machinery-check,arithmetic,0.1,,,,,,,gated,verify_run is non-zero; fitted counts and medians are not evidence,False,1
2026-08-09,320993,320994,so_le,southernoceanpac,constant,long,endpoint,decisive,50,2,declared-on-zero-coverage,R_PICPOC,twin-anchor-machinery-check,arithmetic,0.2,,,,,,,gated,verify_run is non-zero; fitted counts and medians are not evidence,False,1
2026-08-09,320993,320994,so_le,southernoceanpac,constant,long,endpoint,decisive,50,2,declared-on-zero-coverage,R_PICPOC,twin-anchor-machinery-check,arithmetic,0.3,,,,,,,gated,verify_run is non-zero; fitted counts and medians are not evidence,False,1
2026-08-09,320993,320994,so_le,southernoceanpac,constant,long,endpoint,decisive,50,2,declared-on-zero-coverage,R_PICPOC,twin-anchor-machinery-check,arithmetic,0.4,,,,,,,gated,verify_run is non-zero; fitted counts and medians are not evidence,False,1
2026-08-09,320993,320994,so_le,southernoceanpac,constant,long,endpoint,decisive,50,2,declared-on-zero-coverage,R_PICPOC,twin-anchor-machinery-check,geometric,0.1,,,,,,,gated,verify_run is non-zero; fitted counts and medians are not evidence,False,1
2026-08-09,320993,320994,so_le,southernoceanpac,constant,long,endpoint,decisive,50,2,declared-on-zero-coverage,R_PICPOC,twin-anchor-machinery-check,geometric,0.2,,,,,,,gated,verify_run is non-zero; fitted counts and medians are not evidence,False,1
2026-08-09,320993,320994,so_le,southernoceanpac,constant,long,endpoint,decisive,50,2,declared-on-zero-coverage,R_PICPOC,twin-anchor-machinery-check,geometric,0.3,,,,,,,gated,verify_run is non-zero; fitted counts and medians are not evidence,False,1
2026-08-09,320993,320994,so_le,southernoceanpac,constant,long,endpoint,decisive,50,2,declared-on-zero-coverage,R_PICPOC,twin-anchor-machinery-check,geometric,0.4,,,,,,,gated,verify_run is non-zero; fitted counts and medians are not evidence,False,1
2026-08-09,320993,320994,so_le,southernoceanpac,constant,long,endpoint,decisive,50,2,declared-on-zero-coverage,R_PICPOC,twin-anchor-machinery-check,median,0.1,,,,,,,gated,verify_run is non-zero; fitted counts and medians are not evidence,False,1
2026-08-09,320993,320994,so_le,southernoceanpac,constant,long,endpoint,decisive,50,2,declared-on-zero-coverage,R_PICPOC,twin-anchor-machinery-check,median,0.2,,,,,,,gated,verify_run is non-zero; fitted counts and medians are not evidence,False,1
2026-08-09,320993,320994,so_le,southernoceanpac,constant,long,endpoint,decisive,50,2,declared-on-zero-coverage,R_PICPOC,twin-anchor-machinery-check,median,0.3,,,,,,,gated,verify_run is non-zero; fitted counts and medians are not evidence,False,1
2026-08-09,320993,320994,so_le,southernoceanpac,constant,long,endpoint,decisive,50,2,declared-on-zero-coverage,R_PICPOC,twin-anchor-machinery-check,median,0.4,,,,,,,gated,verify_run is non-zero; fitted counts and medians are not evidence,False,1
2026-08-09,320993,320994,so_lm,southernoceanpac,constant,long,time-mean,decisive,50,2,declared-on-zero-coverage,alpfe,boundary-diagnostic-only,arithmetic,0.1,,,,,,,gated,verify_run is non-zero; fitted counts and medians are not evidence,False,1
2026-08-09,320993,320994,so_lm,southernoceanpac,constant,long,time-mean,decisive,50,2,declared-on-zero-coverage,alpfe,boundary-diagnostic-only,arithmetic,0.2,,,,,,,gated,verify_run is non-zero; fitted counts and medians are not evidence,False,1
2026-08-09,320993,320994,so_lm,southernoceanpac,constant,long,time-mean,decisive,50,2,declared-on-zero-coverage,alpfe,boundary-diagnostic-only,arithmetic,0.3,,,,,,,gated,verify_run is non-zero; fitted counts and medians are not evidence,False,1
2026-08-09,320993,320994,so_lm,southernoceanpac,constant,long,time-mean,decisive,50,2,declared-on-zero-coverage,alpfe,boundary-diagnostic-only,arithmetic,0.4,,,,,,,gated,verify_run is non-zero; fitted counts and medians are not evidence,False,1
2026-08-09,320993,320994,so_lm,southernoceanpac,constant,long,time-mean,decisive,50,2,declared-on-zero-coverage,alpfe,boundary-diagnostic-only,geometric,0.1,,,,,,,gated,verify_run is non-zero; fitted counts and medians are not evidence,False,1
2026-08-09,320993,320994,so_lm,southernoceanpac,constant,long,time-mean,decisive,50,2,declared-on-zero-coverage,alpfe,boundary-diagnostic-only,geometric,0.2,,,,,,,gated,verify_run is non-zero; fitted counts and medians are not evidence,False,1
2026-08-09,320993,320994,so_lm,southernoceanpac,constant,long,time-mean,decisive,50,2,declared-on-zero-coverage,alpfe,boundary-diagnostic-only,geometric,0.3,,,,,,,gated,verify_run is non-zero; fitted counts and medians are not evidence,False,1
2026-08-09,320993,320994,so_lm,southernoceanpac,constant,long,time-mean,decisive,50,2,declared-on-zero-coverage,alpfe,boundary-diagnostic-only,geometric,0.4,,,,,,,gated,verify_run is non-zero; fitted counts and medians are not evidence,False,1
2026-08-09,320993,320994,so_lm,southernoceanpac,constant,long,time-mean,decisive,50,2,declared-on-zero-coverage,alpfe,boundary-diagnostic-only,median,0.1,,,,,,,gated,verify_run is non-zero; fitted counts and medians are not evidence,False,1
2026-08-09,320993,320994,so_lm,southernoceanpac,constant,long,time-mean,decisive,50,2,declared-on-zero-coverage,alpfe,boundary-diagnostic-only,median,0.2,,,,,,,gated,verify_run is non-zero; fitted counts and medians are not evidence,False,1
2026-08-09,320993,320994,so_lm,southernoceanpac,constant,long,time-mean,decisive,50,2,declared-on-zero-coverage,alpfe,boundary-diagnostic-only,median,0.3,,,,,,,gated,verify_run is non-zero; fitted counts and medians are not evidence,False,1
2026-08-09,320993,320994,so_lm,southernoceanpac,constant,long,time-mean,decisive,50,2,declared-on-zero-coverage,alpfe,boundary-diagnostic-only,median,0.4,,,,,,,gated,verify_run is non-zero; fitted counts and medians are not evidence,False,1
2026-08-09,320993,320994,so_lm,southernoceanpac,constant,long,time-mean,decisive,50,2,declared-on-zero-coverage,scav_rat,primary-inferential-target,arithmetic,0.1,,,,,,,gated,verify_run is non-zero; fitted counts and medians are not evidence,False,1
2026-08-09,320993,320994,so_lm,southernoceanpac,constant,long,time-mean,decisive,50,2,declared-on-zero-coverage,scav_rat,primary-inferential-target,arithmetic,0.2,,,,,,,gated,verify_run is non-zero; fitted counts and medians are not evidence,False,1
2026-08-09,320993,320994,so_lm,southernoceanpac,constant,long,time-mean,decisive,50,2,declared-on-zero-coverage,scav_rat,primary-inferential-target,arithmetic,0.3,,,,,,,gated,verify_run is non-zero; fitted counts and medians are not evidence,False,1
2026-08-09,320993,320994,so_lm,southernoceanpac,constant,long,time-mean,decisive,50,2,declared-on-zero-coverage,scav_rat,primary-inferential-target,arithmetic,0.4,,,,,,,gated,verify_run is non-zero; fitted counts and medians are not evidence,False,1
2026-08-09,320993,320994,so_lm,southernoceanpac,constant,long,time-mean,decisive,50,2,declared-on-zero-coverage,scav_rat,primary-inferential-target,geometric,0.1,,,,,,,gated,verify_run is non-zero; fitted counts and medians are not evidence,False,1
2026-08-09,320993,320994,so_lm,southernoceanpac,constant,long,time-mean,decisive,50,2,declared-on-zero-coverage,scav_rat,primary-inferential-target,geometric,0.2,,,,,,,gated,verify_run is non-zero; fitted counts and medians are not evidence,False,1
2026-08-09,320993,320994,so_lm,southernoceanpac,constant,long,time-mean,decisive,50,2,declared-on-zero-coverage,scav_rat,primary-inferential-target,geometric,0.3,,,,,,,gated,verify_run is non-zero; fitted counts and medians are not evidence,False,1
2026-08-09,320993,320994,so_lm,southernoceanpac,constant,long,time-mean,decisive,50,2,declared-on-zero-coverage,scav_rat,primary-inferential-target,geometric,0.4,,,,,,,gated,verify_run is non-zero; fitted counts and medians are not evidence,False,1
2026-08-09,320993,320994,so_lm,southernoceanpac,constant,long,time-mean,decisive,50,2,declared-on-zero-coverage,scav_rat,primary-inferential-target,median,0.1,,,,,,,gated,verify_run is non-zero; fitted counts and medians are not evidence,False,1
2026-08-09,320993,320994,so_lm,southernoceanpac,constant,long,time-mean,decisive,50,2,declared-on-zero-coverage,scav_rat,primary-inferential-target,median,0.2,,,,,,,gated,verify_run is non-zero; fitted counts and medians are not evidence,False,1
2026-08-09,320993,320994,so_lm,southernoceanpac,constant,long,time-mean,decisive,50,2,declared-on-zero-coverage,scav_rat,primary-inferential-target,median,0.3,,,,,,,gated,verify_run is non-zero; fitted counts and medians are not evidence,False,1
2026-08-09,320993,320994,so_lm,southernoceanpac,constant,long,time-mean,decisive,50,2,declared-on-zero-coverage,scav_rat,primary-inferential-target,median,0.4,,,,,,,gated,verify_run is non-zero; fitted counts and medians are not evidence,False,1
2026-08-09,320993,320994,so_lm,southernoceanpac,constant,long,time-mean,decisive,50,2,declared-on-zero-coverage,Smallgrow,excluded-by-construction,arithmetic,0.1,,,,,,,gated,verify_run is non-zero; fitted counts and medians are not evidence,False,1
2026-08-09,320993,320994,so_lm,southernoceanpac,constant,long,time-mean,decisive,50,2,declared-on-zero-coverage,Smallgrow,excluded-by-construction,arithmetic,0.2,,,,,,,gated,verify_run is non-zero; fitted counts and medians are not evidence,False,1
2026-08-09,320993,320994,so_lm,southernoceanpac,constant,long,time-mean,decisive,50,2,declared-on-zero-coverage,Smallgrow,excluded-by-construction,arithmetic,0.3,,,,,,,gated,verify_run is non-zero; fitted counts and medians are not evidence,False,1
2026-08-09,320993,320994,so_lm,southernoceanpac,constant,long,time-mean,decisive,50,2,declared-on-zero-coverage,Smallgrow,excluded-by-construction,arithmetic,0.4,,,,,,,gated,verify_run is non-zero; fitted counts and medians are not evidence,False,1
2026-08-09,320993,320994,so_lm,southernoceanpac,constant,long,time-mean,decisive,50,2,declared-on-zero-coverage,Smallgrow,excluded-by-construction,geometric,0.1,,,,,,,gated,verify_run is non-zero; fitted counts and medians are not evidence,False,1
2026-08-09,320993,320994,so_lm,southernoceanpac,constant,long,time-mean,decisive,50,2,declared-on-zero-coverage,Smallgrow,excluded-by-construction,geometric,0.2,,,,,,,gated,verify_run is non-zero; fitted counts and medians are not evidence,False,1
2026-08-09,320993,320994,so_lm,southernoceanpac,constant,long,time-mean,decisive,50,2,declared-on-zero-coverage,Smallgrow,excluded-by-construction,geometric,0.3,,,,,,,gated,verify_run is non-zero; fitted counts and medians are not evidence,False,1
2026-08-09,320993,320994,so_lm,southernoceanpac,constant,long,time-mean,decisive,50,2,declared-on-zero-coverage,Smallgrow,excluded-by-construction,geometric,0.4,,,,,,,gated,verify_run is non-zero; fitted counts and medians are not evidence,False,1
2026-08-09,320993,320994,so_lm,southernoceanpac,constant,long,time-mean,decisive,50,2,declared-on-zero-coverage,Smallgrow,excluded-by-construction,median,0.1,,,,,,,gated,verify_run is non-zero; fitted counts and medians are not evidence,False,1
2026-08-09,320993,320994,so_lm,southernoceanpac,constant,long,time-mean,decisive,50,2,declared-on-zero-coverage,Smallgrow,excluded-by-construction,median,0.2,,,,,,,gated,verify_run is non-zero; fitted counts and medians are not evidence,False,1
2026-08-09,320993,320994,so_lm,southernoceanpac,constant,long,time-mean,decisive,50,2,declared-on-zero-coverage,Smallgrow,excluded-by-construction,median,0.3,,,,,,,gated,verify_run is non-zero; fitted counts and medians are not evidence,False,1
2026-08-09,320993,320994,so_lm,southernoceanpac,constant,long,time-mean,decisive,50,2,declared-on-zero-coverage,Smallgrow,excluded-by-construction,median,0.4,,,,,,,gated,verify_run is non-zero; fitted counts and medians are not evidence,False,1
2026-08-09,320993,320994,so_lm,southernoceanpac,constant,long,time-mean,decisive,50,2,declared-on-zero-coverage,Biggrow,excluded-by-construction,arithmetic,0.1,,,,,,,gated,verify_run is non-zero; fitted counts and medians are not evidence,False,1
2026-08-09,320993,320994,so_lm,southernoceanpac,constant,long,time-mean,decisive,50,2,declared-on-zero-coverage,Biggrow,excluded-by-construction,arithmetic,0.2,,,,,,,gated,verify_run is non-zero; fitted counts and medians are not evidence,False,1
2026-08-09,320993,320994,so_lm,southernoceanpac,constant,long,time-mean,decisive,50,2,declared-on-zero-coverage,Biggrow,excluded-by-construction,arithmetic,0.3,,,,,,,gated,verify_run is non-zero; fitted counts and medians are not evidence,False,1
2026-08-09,320993,320994,so_lm,southernoceanpac,constant,long,time-mean,decisive,50,2,declared-on-zero-coverage,Biggrow,excluded-by-construction,arithmetic,0.4,,,,,,,gated,verify_run is non-zero; fitted counts and medians are not evidence,False,1
2026-08-09,320993,320994,so_lm,southernoceanpac,constant,long,time-mean,decisive,50,2,declared-on-zero-coverage,Biggrow,excluded-by-construction,geometric,0.1,,,,,,,gated,verify_run is non-zero; fitted counts and medians are not evidence,False,1
2026-08-09,320993,320994,so_lm,southernoceanpac,constant,long,time-mean,decisive,50,2,declared-on-zero-coverage,Biggrow,excluded-by-construction,geometric,0.2,,,,,,,gated,verify_run is non-zero; fitted counts and medians are not evidence,False,1
2026-08-09,320993,320994,so_lm,southernoceanpac,constant,long,time-mean,decisive,50,2,declared-on-zero-coverage,Biggrow,excluded-by-construction,geometric,0.3,,,,,,,gated,verify_run is non-zero; fitted counts and medians are not evidence,False,1
2026-08-09,320993,320994,so_lm,southernoceanpac,constant,long,time-mean,decisive,50,2,declared-on-zero-coverage,Biggrow,excluded-by-construction,geometric,0.4,,,,,,,gated,verify_run is non-zero; fitted counts and medians are not evidence,False,1
2026-08-09,320993,320994,so_lm,southernoceanpac,constant,long,time-mean,decisive,50,2,declared-on-zero-coverage,Biggrow,excluded-by-construction,median,0.1,,,,,,,gated,verify_run is non-zero; fitted counts and medians are not evidence,False,1
2026-08-09,320993,320994,so_lm,southernoceanpac,constant,long,time-mean,decisive,50,2,declared-on-zero-coverage,Biggrow,excluded-by-construction,median,0.2,,,,,,,gated,verify_run is non-zero; fitted counts and medians are not evidence,False,1
2026-08-09,320993,320994,so_lm,southernoceanpac,constant,long,time-mean,decisive,50,2,declared-on-zero-coverage,Biggrow,excluded-by-construction,median,0.3,,,,,,,gated,verify_run is non-zero; fitted counts and medians are not evidence,False,1
2026-08-09,320993,320994,so_lm,southernoceanpac,constant,long,time-mean,decisive,50,2,declared-on-zero-coverage,Biggrow,excluded-by-construction,median,0.4,,,,,,,gated,verify_run is non-zero; fitted counts and medians are not evidence,False,1
2026-08-09,320993,320994,so_lm,southernoceanpac,constant,long,time-mean,decisive,50,2,declared-on-zero-coverage,diatomgraz,excluded-from-loss-decision,arithmetic,0.1,,,,,,,gated,verify_run is non-zero; fitted counts and medians are not evidence,False,1
2026-08-09,320993,320994,so_lm,southernoceanpac,constant,long,time-mean,decisive,50,2,declared-on-zero-coverage,diatomgraz,excluded-from-loss-decision,arithmetic,0.2,,,,,,,gated,verify_run is non-zero; fitted counts and medians are not evidence,False,1
2026-08-09,320993,320994,so_lm,southernoceanpac,constant,long,time-mean,decisive,50,2,declared-on-zero-coverage,diatomgraz,excluded-from-loss-decision,arithmetic,0.3,,,,,,,gated,verify_run is non-zero; fitted counts and medians are not evidence,False,1
2026-08-09,320993,320994,so_lm,southernoceanpac,constant,long,time-mean,decisive,50,2,declared-on-zero-coverage,diatomgraz,excluded-from-loss-decision,arithmetic,0.4,,,,,,,gated,verify_run is non-zero; fitted counts and medians are not evidence,False,1
2026-08-09,320993,320994,so_lm,southernoceanpac,constant,long,time-mean,decisive,50,2,declared-on-zero-coverage,diatomgraz,excluded-from-loss-decision,geometric,0.1,,,,,,,gated,verify_run is non-zero; fitted counts and medians are not evidence,False,1
2026-08-09,320993,320994,so_lm,southernoceanpac,constant,long,time-mean,decisive,50,2,declared-on-zero-coverage,diatomgraz,excluded-from-loss-decision,geometric,0.2,,,,,,,gated,verify_run is non-zero; fitted counts and medians are not evidence,False,1
2026-08-09,320993,320994,so_lm,southernoceanpac,constant,long,time-mean,decisive,50,2,declared-on-zero-coverage,diatomgraz,excluded-from-loss-decision,geometric,0.3,,,,,,,gated,verify_run is non-zero; fitted counts and medians are not evidence,False,1
2026-08-09,320993,320994,so_lm,southernoceanpac,constant,long,time-mean,decisive,50,2,declared-on-zero-coverage,diatomgraz,excluded-from-loss-decision,geometric,0.4,,,,,,,gated,verify_run is non-zero; fitted counts and medians are not evidence,False,1
2026-08-09,320993,320994,so_lm,southernoceanpac,constant,long,time-mean,decisive,50,2,declared-on-zero-coverage,diatomgraz,excluded-from-loss-decision,median,0.1,,,,,,,gated,verify_run is non-zero; fitted counts and medians are not evidence,False,1
2026-08-09,320993,320994,so_lm,southernoceanpac,constant,long,time-mean,decisive,50,2,declared-on-zero-coverage,diatomgraz,excluded-from-loss-decision,median,0.2,,,,,,,gated,verify_run is non-zero; fitted counts and medians are not evidence,False,1
2026-08-09,320993,320994,so_lm,southernoceanpac,constant,long,time-mean,decisive,50,2,declared-on-zero-coverage,diatomgraz,excluded-from-loss-decision,median,0.3,,,,,,,gated,verify_run is non-zero; fitted counts and medians are not evidence,False,1
2026-08-09,320993,320994,so_lm,southernoceanpac,constant,long,time-mean,decisive,50,2,declared-on-zero-coverage,diatomgraz,excluded-from-loss-decision,median,0.4,,,,,,,gated,verify_run is non-zero; fitted counts and medians are not evidence,False,1
2026-08-09,320993,320994,so_lm,southernoceanpac,constant,long,time-mean,decisive,50,2,declared-on-zero-coverage,R_PICPOC,twin-anchor-machinery-check,arithmetic,0.1,,,,,,,gated,verify_run is non-zero; fitted counts and medians are not evidence,False,1
2026-08-09,320993,320994,so_lm,southernoceanpac,constant,long,time-mean,decisive,50,2,declared-on-zero-coverage,R_PICPOC,twin-anchor-machinery-check,arithmetic,0.2,,,,,,,gated,verify_run is non-zero; fitted counts and medians are not evidence,False,1
2026-08-09,320993,320994,so_lm,southernoceanpac,constant,long,time-mean,decisive,50,2,declared-on-zero-coverage,R_PICPOC,twin-anchor-machinery-check,arithmetic,0.3,,,,,,,gated,verify_run is non-zero; fitted counts and medians are not evidence,False,1
2026-08-09,320993,320994,so_lm,southernoceanpac,constant,long,time-mean,decisive,50,2,declared-on-zero-coverage,R_PICPOC,twin-anchor-machinery-check,arithmetic,0.4,,,,,,,gated,verify_run is non-zero; fitted counts and medians are not evidence,False,1
2026-08-09,320993,320994,so_lm,southernoceanpac,constant,long,time-mean,decisive,50,2,declared-on-zero-coverage,R_PICPOC,twin-anchor-machinery-check,geometric,0.1,,,,,,,gated,verify_run is non-zero; fitted counts and medians are not evidence,False,1
2026-08-09,320993,320994,so_lm,southernoceanpac,constant,long,time-mean,decisive,50,2,declared-on-zero-coverage,R_PICPOC,twin-anchor-machinery-check,geometric,0.2,,,,,,,gated,verify_run is non-zero; fitted counts and medians are not evidence,False,1
2026-08-09,320993,320994,so_lm,southernoceanpac,constant,long,time-mean,decisive,50,2,declared-on-zero-coverage,R_PICPOC,twin-anchor-machinery-check,geometric,0.3,,,,,,,gated,verify_run is non-zero; fitted counts and medians are not evidence,False,1
2026-08-09,320993,320994,so_lm,southernoceanpac,constant,long,time-mean,decisive,50,2,declared-on-zero-coverage,R_PICPOC,twin-anchor-machinery-check,geometric,0.4,,,,,,,gated,verify_run is non-zero; fitted counts and medians are not evidence,False,1
2026-08-09,320993,320994,so_lm,southernoceanpac,constant,long,time-mean,decisive,50,2,declared-on-zero-coverage,R_PICPOC,twin-anchor-machinery-check,median,0.1,,,,,,,gated,verify_run is non-zero; fitted counts and medians are not evidence,False,1
2026-08-09,320993,320994,so_lm,southernoceanpac,constant,long,time-mean,decisive,50,2,declared-on-zero-coverage,R_PICPOC,twin-anchor-machinery-check,median,0.2,,,,,,,gated,verify_run is non-zero; fitted counts and medians are not evidence,False,1
2026-08-09,320993,320994,so_lm,southernoceanpac,constant,long,time-mean,decisive,50,2,declared-on-zero-coverage,R_PICPOC,twin-anchor-machinery-check,median,0.3,,,,,,,gated,verify_run is non-zero; fitted counts and medians are not evidence,False,1
2026-08-09,320993,320994,so_lm,southernoceanpac,constant,long,time-mean,decisive,50,2,declared-on-zero-coverage,R_PICPOC,twin-anchor-machinery-check,median,0.4,,,,,,,gated,verify_run is non-zero; fitted counts and medians are not evidence,False,1
2026-08-09,320993,320994,so_null,southernoceanpac,constant,untrained,none,untrained-null,50,2,declared-on-zero-coverage,alpfe,boundary-diagnostic-only,arithmetic,0.1,,,,,,,gated,verify_run is non-zero; fitted counts and medians are not evidence,False,1
2026-08-09,320993,320994,so_null,southernoceanpac,constant,untrained,none,untrained-null,50,2,declared-on-zero-coverage,alpfe,boundary-diagnostic-only,arithmetic,0.2,,,,,,,gated,verify_run is non-zero; fitted counts and medians are not evidence,False,1
2026-08-09,320993,320994,so_null,southernoceanpac,constant,untrained,none,untrained-null,50,2,declared-on-zero-coverage,alpfe,boundary-diagnostic-only,arithmetic,0.3,,,,,,,gated,verify_run is non-zero; fitted counts and medians are not evidence,False,1
2026-08-09,320993,320994,so_null,southernoceanpac,constant,untrained,none,untrained-null,50,2,declared-on-zero-coverage,alpfe,boundary-diagnostic-only,arithmetic,0.4,,,,,,,gated,verify_run is non-zero; fitted counts and medians are not evidence,False,1
2026-08-09,320993,320994,so_null,southernoceanpac,constant,untrained,none,untrained-null,50,2,declared-on-zero-coverage,alpfe,boundary-diagnostic-only,geometric,0.1,,,,,,,gated,verify_run is non-zero; fitted counts and medians are not evidence,False,1
2026-08-09,320993,320994,so_null,southernoceanpac,constant,untrained,none,untrained-null,50,2,declared-on-zero-coverage,alpfe,boundary-diagnostic-only,geometric,0.2,,,,,,,gated,verify_run is non-zero; fitted counts and medians are not evidence,False,1
2026-08-09,320993,320994,so_null,southernoceanpac,constant,untrained,none,untrained-null,50,2,declared-on-zero-coverage,alpfe,boundary-diagnostic-only,geometric,0.3,,,,,,,gated,verify_run is non-zero; fitted counts and medians are not evidence,False,1
2026-08-09,320993,320994,so_null,southernoceanpac,constant,untrained,none,untrained-null,50,2,declared-on-zero-coverage,alpfe,boundary-diagnostic-only,geometric,0.4,,,,,,,gated,verify_run is non-zero; fitted counts and medians are not evidence,False,1
2026-08-09,320993,320994,so_null,southernoceanpac,constant,untrained,none,untrained-null,50,2,declared-on-zero-coverage,alpfe,boundary-diagnostic-only,median,0.1,,,,,,,gated,verify_run is non-zero; fitted counts and medians are not evidence,False,1
2026-08-09,320993,320994,so_null,southernoceanpac,constant,untrained,none,untrained-null,50,2,declared-on-zero-coverage,alpfe,boundary-diagnostic-only,median,0.2,,,,,,,gated,verify_run is non-zero; fitted counts and medians are not evidence,False,1
2026-08-09,320993,320994,so_null,southernoceanpac,constant,untrained,none,untrained-null,50,2,declared-on-zero-coverage,alpfe,boundary-diagnostic-only,median,0.3,,,,,,,gated,verify_run is non-zero; fitted counts and medians are not evidence,False,1
2026-08-09,320993,320994,so_null,southernoceanpac,constant,untrained,none,untrained-null,50,2,declared-on-zero-coverage,alpfe,boundary-diagnostic-only,median,0.4,,,,,,,gated,verify_run is non-zero; fitted counts and medians are not evidence,False,1
2026-08-09,320993,320994,so_null,southernoceanpac,constant,untrained,none,untrained-null,50,2,declared-on-zero-coverage,scav_rat,primary-inferential-target,arithmetic,0.1,,,,,,,gated,verify_run is non-zero; fitted counts and medians are not evidence,False,1
2026-08-09,320993,320994,so_null,southernoceanpac,constant,untrained,none,untrained-null,50,2,declared-on-zero-coverage,scav_rat,primary-inferential-target,arithmetic,0.2,,,,,,,gated,verify_run is non-zero; fitted counts and medians are not evidence,False,1
2026-08-09,320993,320994,so_null,southernoceanpac,constant,untrained,none,untrained-null,50,2,declared-on-zero-coverage,scav_rat,primary-inferential-target,arithmetic,0.3,,,,,,,gated,verify_run is non-zero; fitted counts and medians are not evidence,False,1
2026-08-09,320993,320994,so_null,southernoceanpac,constant,untrained,none,untrained-null,50,2,declared-on-zero-coverage,scav_rat,primary-inferential-target,arithmetic,0.4,,,,,,,gated,verify_run is non-zero; fitted counts and medians are not evidence,False,1
2026-08-09,320993,320994,so_null,southernoceanpac,constant,untrained,none,untrained-null,50,2,declared-on-zero-coverage,scav_rat,primary-inferential-target,geometric,0.1,,,,,,,gated,verify_run is non-zero; fitted counts and medians are not evidence,False,1
2026-08-09,320993,320994,so_null,southernoceanpac,constant,untrained,none,untrained-null,50,2,declared-on-zero-coverage,scav_rat,primary-inferential-target,geometric,0.2,,,,,,,gated,verify_run is non-zero; fitted counts and medians are not evidence,False,1
2026-08-09,320993,320994,so_null,southernoceanpac,constant,untrained,none,untrained-null,50,2,declared-on-zero-coverage,scav_rat,primary-inferential-target,geometric,0.3,,,,,,,gated,verify_run is non-zero; fitted counts and medians are not evidence,False,1
2026-08-09,320993,320994,so_null,southernoceanpac,constant,untrained,none,untrained-null,50,2,declared-on-zero-coverage,scav_rat,primary-inferential-target,geometric,0.4,,,,,,,gated,verify_run is non-zero; fitted counts and medians are not evidence,False,1
2026-08-09,320993,320994,so_null,southernoceanpac,constant,untrained,none,untrained-null,50,2,declared-on-zero-coverage,scav_rat,primary-inferential-target,median,0.1,,,,,,,gated,verify_run is non-zero; fitted counts and medians are not evidence,False,1
2026-08-09,320993,320994,so_null,southernoceanpac,constant,untrained,none,untrained-null,50,2,declared-on-zero-coverage,scav_rat,primary-inferential-target,median,0.2,,,,,,,gated,verify_run is non-zero; fitted counts and medians are not evidence,False,1
2026-08-09,320993,320994,so_null,southernoceanpac,constant,untrained,none,untrained-null,50,2,declared-on-zero-coverage,scav_rat,primary-inferential-target,median,0.3,,,,,,,gated,verify_run is non-zero; fitted counts and medians are not evidence,False,1
2026-08-09,320993,320994,so_null,southernoceanpac,constant,untrained,none,untrained-null,50,2,declared-on-zero-coverage,scav_rat,primary-inferential-target,median,0.4,,,,,,,gated,verify_run is non-zero; fitted counts and medians are not evidence,False,1
2026-08-09,320993,320994,so_null,southernoceanpac,constant,untrained,none,untrained-null,50,2,declared-on-zero-coverage,Smallgrow,excluded-by-construction,arithmetic,0.1,,,,,,,gated,verify_run is non-zero; fitted counts and medians are not evidence,False,1
2026-08-09,320993,320994,so_null,southernoceanpac,constant,untrained,none,untrained-null,50,2,declared-on-zero-coverage,Smallgrow,excluded-by-construction,arithmetic,0.2,,,,,,,gated,verify_run is non-zero; fitted counts and medians are not evidence,False,1
2026-08-09,320993,320994,so_null,southernoceanpac,constant,untrained,none,untrained-null,50,2,declared-on-zero-coverage,Smallgrow,excluded-by-construction,arithmetic,0.3,,,,,,,gated,verify_run is non-zero; fitted counts and medians are not evidence,False,1
2026-08-09,320993,320994,so_null,southernoceanpac,constant,untrained,none,untrained-null,50,2,declared-on-zero-coverage,Smallgrow,excluded-by-construction,arithmetic,0.4,,,,,,,gated,verify_run is non-zero; fitted counts and medians are not evidence,False,1
2026-08-09,320993,320994,so_null,southernoceanpac,constant,untrained,none,untrained-null,50,2,declared-on-zero-coverage,Smallgrow,excluded-by-construction,geometric,0.1,,,,,,,gated,verify_run is non-zero; fitted counts and medians are not evidence,False,1
2026-08-09,320993,320994,so_null,southernoceanpac,constant,untrained,none,untrained-null,50,2,declared-on-zero-coverage,Smallgrow,excluded-by-construction,geometric,0.2,,,,,,,gated,verify_run is non-zero; fitted counts and medians are not evidence,False,1
2026-08-09,320993,320994,so_null,southernoceanpac,constant,untrained,none,untrained-null,50,2,declared-on-zero-coverage,Smallgrow,excluded-by-construction,geometric,0.3,,,,,,,gated,verify_run is non-zero; fitted counts and medians are not evidence,False,1
2026-08-09,320993,320994,so_null,southernoceanpac,constant,untrained,none,untrained-null,50,2,declared-on-zero-coverage,Smallgrow,excluded-by-construction,geometric,0.4,,,,,,,gated,verify_run is non-zero; fitted counts and medians are not evidence,False,1
2026-08-09,320993,320994,so_null,southernoceanpac,constant,untrained,none,untrained-null,50,2,declared-on-zero-coverage,Smallgrow,excluded-by-construction,median,0.1,,,,,,,gated,verify_run is non-zero; fitted counts and medians are not evidence,False,1
2026-08-09,320993,320994,so_null,southernoceanpac,constant,untrained,none,untrained-null,50,2,declared-on-zero-coverage,Smallgrow,excluded-by-construction,median,0.2,,,,,,,gated,verify_run is non-zero; fitted counts and medians are not evidence,False,1
2026-08-09,320993,320994,so_null,southernoceanpac,constant,untrained,none,untrained-null,50,2,declared-on-zero-coverage,Smallgrow,excluded-by-construction,median,0.3,,,,,,,gated,verify_run is non-zero; fitted counts and medians are not evidence,False,1
2026-08-09,320993,320994,so_null,southernoceanpac,constant,untrained,none,untrained-null,50,2,declared-on-zero-coverage,Smallgrow,excluded-by-construction,median,0.4,,,,,,,gated,verify_run is non-zero; fitted counts and medians are not evidence,False,1
2026-08-09,320993,320994,so_null,southernoceanpac,constant,untrained,none,untrained-null,50,2,declared-on-zero-coverage,Biggrow,excluded-by-construction,arithmetic,0.1,,,,,,,gated,verify_run is non-zero; fitted counts and medians are not evidence,False,1
2026-08-09,320993,320994,so_null,southernoceanpac,constant,untrained,none,untrained-null,50,2,declared-on-zero-coverage,Biggrow,excluded-by-construction,arithmetic,0.2,,,,,,,gated,verify_run is non-zero; fitted counts and medians are not evidence,False,1
2026-08-09,320993,320994,so_null,southernoceanpac,constant,untrained,none,untrained-null,50,2,declared-on-zero-coverage,Biggrow,excluded-by-construction,arithmetic,0.3,,,,,,,gated,verify_run is non-zero; fitted counts and medians are not evidence,False,1
2026-08-09,320993,320994,so_null,southernoceanpac,constant,untrained,none,untrained-null,50,2,declared-on-zero-coverage,Biggrow,excluded-by-construction,arithmetic,0.4,,,,,,,gated,verify_run is non-zero; fitted counts and medians are not evidence,False,1
2026-08-09,320993,320994,so_null,southernoceanpac,constant,untrained,none,untrained-null,50,2,declared-on-zero-coverage,Biggrow,excluded-by-construction,geometric,0.1,,,,,,,gated,verify_run is non-zero; fitted counts and medians are not evidence,False,1
2026-08-09,320993,320994,so_null,southernoceanpac,constant,untrained,none,untrained-null,50,2,declared-on-zero-coverage,Biggrow,excluded-by-construction,geometric,0.2,,,,,,,gated,verify_run is non-zero; fitted counts and medians are not evidence,False,1
2026-08-09,320993,320994,so_null,southernoceanpac,constant,untrained,none,untrained-null,50,2,declared-on-zero-coverage,Biggrow,excluded-by-construction,geometric,0.3,,,,,,,gated,verify_run is non-zero; fitted counts and medians are not evidence,False,1
2026-08-09,320993,320994,so_null,southernoceanpac,constant,untrained,none,untrained-null,50,2,declared-on-zero-coverage,Biggrow,excluded-by-construction,geometric,0.4,,,,,,,gated,verify_run is non-zero; fitted counts and medians are not evidence,False,1
2026-08-09,320993,320994,so_null,southernoceanpac,constant,untrained,none,untrained-null,50,2,declared-on-zero-coverage,Biggrow,excluded-by-construction,median,0.1,,,,,,,gated,verify_run is non-zero; fitted counts and medians are not evidence,False,1
2026-08-09,320993,320994,so_null,southernoceanpac,constant,untrained,none,untrained-null,50,2,declared-on-zero-coverage,Biggrow,excluded-by-construction,median,0.2,,,,,,,gated,verify_run is non-zero; fitted counts and medians are not evidence,False,1
2026-08-09,320993,320994,so_null,southernoceanpac,constant,untrained,none,untrained-null,50,2,declared-on-zero-coverage,Biggrow,excluded-by-construction,median,0.3,,,,,,,gated,verify_run is non-zero; fitted counts and medians are not evidence,False,1
2026-08-09,320993,320994,so_null,southernoceanpac,constant,untrained,none,untrained-null,50,2,declared-on-zero-coverage,Biggrow,excluded-by-construction,median,0.4,,,,,,,gated,verify_run is non-zero; fitted counts and medians are not evidence,False,1
2026-08-09,320993,320994,so_null,southernoceanpac,constant,untrained,none,untrained-null,50,2,declared-on-zero-coverage,diatomgraz,excluded-from-loss-decision,arithmetic,0.1,,,,,,,gated,verify_run is non-zero; fitted counts and medians are not evidence,False,1
2026-08-09,320993,320994,so_null,southernoceanpac,constant,untrained,none,untrained-null,50,2,declared-on-zero-coverage,diatomgraz,excluded-from-loss-decision,arithmetic,0.2,,,,,,,gated,verify_run is non-zero; fitted counts and medians are not evidence,False,1
2026-08-09,320993,320994,so_null,southernoceanpac,constant,untrained,none,untrained-null,50,2,declared-on-zero-coverage,diatomgraz,excluded-from-loss-decision,arithmetic,0.3,,,,,,,gated,verify_run is non-zero; fitted counts and medians are not evidence,False,1
2026-08-09,320993,320994,so_null,southernoceanpac,constant,untrained,none,untrained-null,50,2,declared-on-zero-coverage,diatomgraz,excluded-from-loss-decision,arithmetic,0.4,,,,,,,gated,verify_run is non-zero; fitted counts and medians are not evidence,False,1
2026-08-09,320993,320994,so_null,southernoceanpac,constant,untrained,none,untrained-null,50,2,declared-on-zero-coverage,diatomgraz,excluded-from-loss-decision,geometric,0.1,,,,,,,gated,verify_run is non-zero; fitted counts and medians are not evidence,False,1
2026-08-09,320993,320994,so_null,southernoceanpac,constant,untrained,none,untrained-null,50,2,declared-on-zero-coverage,diatomgraz,excluded-from-loss-decision,geometric,0.2,,,,,,,gated,verify_run is non-zero; fitted counts and medians are not evidence,False,1
2026-08-09,320993,320994,so_null,southernoceanpac,constant,untrained,none,untrained-null,50,2,declared-on-zero-coverage,diatomgraz,excluded-from-loss-decision,geometric,0.3,,,,,,,gated,verify_run is non-zero; fitted counts and medians are not evidence,False,1
2026-08-09,320993,320994,so_null,southernoceanpac,constant,untrained,none,untrained-null,50,2,declared-on-zero-coverage,diatomgraz,excluded-from-loss-decision,geometric,0.4,,,,,,,gated,verify_run is non-zero; fitted counts and medians are not evidence,False,1
2026-08-09,320993,320994,so_null,southernoceanpac,constant,untrained,none,untrained-null,50,2,declared-on-zero-coverage,diatomgraz,excluded-from-loss-decision,median,0.1,,,,,,,gated,verify_run is non-zero; fitted counts and medians are not evidence,False,1
2026-08-09,320993,320994,so_null,southernoceanpac,constant,untrained,none,untrained-null,50,2,declared-on-zero-coverage,diatomgraz,excluded-from-loss-decision,median,0.2,,,,,,,gated,verify_run is non-zero; fitted counts and medians are not evidence,False,1
2026-08-09,320993,320994,so_null,southernoceanpac,constant,untrained,none,untrained-null,50,2,declared-on-zero-coverage,diatomgraz,excluded-from-loss-decision,median,0.3,,,,,,,gated,verify_run is non-zero; fitted counts and medians are not evidence,False,1
2026-08-09,320993,320994,so_null,southernoceanpac,constant,untrained,none,untrained-null,50,2,declared-on-zero-coverage,diatomgraz,excluded-from-loss-decision,median,0.4,,,,,,,gated,verify_run is non-zero; fitted counts and medians are not evidence,False,1
2026-08-09,320993,320994,so_null,southernoceanpac,constant,untrained,none,untrained-null,50,2,declared-on-zero-coverage,R_PICPOC,twin-anchor-machinery-check,arithmetic,0.1,,,,,,,gated,verify_run is non-zero; fitted counts and medians are not evidence,False,1
2026-08-09,320993,320994,so_null,southernoceanpac,constant,untrained,none,untrained-null,50,2,declared-on-zero-coverage,R_PICPOC,twin-anchor-machinery-check,arithmetic,0.2,,,,,,,gated,verify_run is non-zero; fitted counts and medians are not evidence,False,1
2026-08-09,320993,320994,so_null,southernoceanpac,constant,untrained,none,untrained-null,50,2,declared-on-zero-coverage,R_PICPOC,twin-anchor-machinery-check,arithmetic,0.3,,,,,,,gated,verify_run is non-zero; fitted counts and medians are not evidence,False,1
2026-08-09,320993,320994,so_null,southernoceanpac,constant,untrained,none,untrained-null,50,2,declared-on-zero-coverage,R_PICPOC,twin-anchor-machinery-check,arithmetic,0.4,,,,,,,gated,verify_run is non-zero; fitted counts and medians are not evidence,False,1
2026-08-09,320993,320994,so_null,southernoceanpac,constant,untrained,none,untrained-null,50,2,declared-on-zero-coverage,R_PICPOC,twin-anchor-machinery-check,geometric,0.1,,,,,,,gated,verify_run is non-zero; fitted counts and medians are not evidence,False,1
2026-08-09,320993,320994,so_null,southernoceanpac,constant,untrained,none,untrained-null,50,2,declared-on-zero-coverage,R_PICPOC,twin-anchor-machinery-check,geometric,0.2,,,,,,,gated,verify_run is non-zero; fitted counts and medians are not evidence,False,1
2026-08-09,320993,320994,so_null,southernoceanpac,constant,untrained,none,untrained-null,50,2,declared-on-zero-coverage,R_PICPOC,twin-anchor-machinery-check,geometric,0.3,,,,,,,gated,verify_run is non-zero; fitted counts and medians are not evidence,False,1
2026-08-09,320993,320994,so_null,southernoceanpac,constant,untrained,none,untrained-null,50,2,declared-on-zero-coverage,R_PICPOC,twin-anchor-machinery-check,geometric,0.4,,,,,,,gated,verify_run is non-zero; fitted counts and medians are not evidence,False,1
2026-08-09,320993,320994,so_null,southernoceanpac,constant,untrained,none,untrained-null,50,2,declared-on-zero-coverage,R_PICPOC,twin-anchor-machinery-check,median,0.1,,,,,,,gated,verify_run is non-zero; fitted counts and medians are not evidence,False,1
2026-08-09,320993,320994,so_null,southernoceanpac,constant,untrained,none,untrained-null,50,2,declared-on-zero-coverage,R_PICPOC,twin-anchor-machinery-check,median,0.2,,,,,,,gated,verify_run is non-zero; fitted counts and medians are not evidence,False,1
2026-08-09,320993,320994,so_null,southernoceanpac,constant,untrained,none,untrained-null,50,2,declared-on-zero-coverage,R_PICPOC,twin-anchor-machinery-check,median,0.3,,,,,,,gated,verify_run is non-zero; fitted counts and medians are not evidence,False,1
2026-08-09,320993,320994,so_null,southernoceanpac,constant,untrained,none,untrained-null,50,2,declared-on-zero-coverage,R_PICPOC,twin-anchor-machinery-check,median,0.4,,,,,,,gated,verify_run is non-zero; fitted counts and medians are not evidence,False,1
